/*

            OMEGA Team
            UMGC CMSC 495


*/

BEGIN;








--*******************************************************************
/*
*
* Inserting Sample Data into_ tables_
*
*
*/


-- Inserting User_ Types
INSERT INTO UserType (UserTypeID, Description)
VALUES (1, 'System Admin'),
       (2, 'Employee'),
       (3, 'Customer'),
       (4, 'Manufacturer');


-- Inserting ItemCategories

INSERT INTO ItemCategories (ITemCategoryID, ItemCategoryTitle, ItemCategoryDescription)
VALUES
    (1, 'Electronics', 'Items related to electronic devices and gadgets'),
    (2, 'Clothing', 'Apparel for men, women, and children'),
    (3, 'Home and Garden', 'Decor, furniture, and household essentials'),
    (4, 'Beauty and Personal Care', 'Products for personal hygiene and grooming'),
    (5, 'Sports and Outdoors', 'Equipment and accessories for outdoor activities'),
    (6, 'Toys and Games', 'Games, puzzles, and toys for all ages'),
    (7, 'Books', 'Fiction, non-fiction, and educational books'),
    (8, 'Music', 'CDs, records, and digital music'),
    (9, 'Movies', 'DVDs, Blu-Rays, and digital movies'),
    (10, 'Automotive', 'Parts and accessories for vehicles'),
    (11, 'Health and Wellness', 'Products for maintaining physical and mental health'),
    (12, 'Pet Supplies', 'Food, toys, and accessories for pets'),
    (13, 'Baby and Toddler', 'Clothing, toys, and essentials for infants and young children'),
    (14, 'Food and Beverages', 'Snacks, drinks, and groceries'),
    (15, 'Art and Crafts', 'Supplies for artists and crafters'),
    (16, 'Jewelry', 'Rings, necklaces, and bracelets'),
    (17, 'Office Supplies', 'Stationery, writing utensils, and organizational tools'),
    (18, 'Travel', 'Luggage, accessories, and travel gear'),
    (19, 'Wedding and Events', 'Supplies for weddings and special occasions'),
    (20, 'Industrial and Scientific', 'Supplies for scientific research and industrial manufacturing'),
    (21, 'Cell Phones and Accessories', 'Devices and accessories for mobile communication'),
    (22, 'Computers and Accessories', 'Devices and accessories for personal computing'),
    (23, 'Tools and Home Improvement', 'Tools and supplies for home repairs and improvements'),
    (24, 'Arts and Entertainment', 'Tickets and admission to concerts, shows, and events'),
    (25, 'Musical Instruments', 'Instruments and accessories for musicians'),
    (26, 'Collectibles', 'Rare and unique items for collectors'),
    (27, 'Cameras and Photography', 'Devices and accessories for capturing images and videos'),
    (28, 'Business and Industrial', 'Supplies for business operations and industry'),
    (29, 'Coins and Paper Money', 'Collectible coins and paper currency'),
    (30, 'Antiques', 'Vintage and antique items'),
    (31, 'Dolls and Bears', 'Collectible dolls and teddy bears'),
    (32, 'Pottery and Glass', 'Handcrafted pottery and glassware'),
    (33, 'Consumer Electronics', 'Electronic devices for everyday use'),
    (34, 'Crafts', 'Supplies for DIY projects and crafts'),
    (35, 'Stamps', 'Collectible postage stamps'),
    (36, 'Sporting Goods', 'Equipment and accessories for sports'),
    (37, 'Dvds and Movies', 'Movies and TV shows on DVD and Blu-Ray'),
    (38, 'Baby Essentials', 'Essential items for newborns and infants'),
    (39, 'Toys', 'Playful items for children and adults alike'),
    (40, 'Food and Drink', 'Delicious treats and beverages');



-- Adding Manufacturer Addresses to Address table_
INSERT INTO Address (AddressID, StreetAddress, City, State, PostalCode)
VALUES  (0, 'Default', 'Default', 'Default', 'Default'),
        (1, '41 Farnsworth Street', 'Boston', 'MA', '02210'),
        (2, 'Siemensstraße 6', 'Munich', 'Bavaria', '80333'),
        (3, 'Affolternstrasse 44', 'Zurich', 'None', '8050'),
        (4, '35 rue Joseph Monier', 'Rueil-Malmaison', 'Ile-de-France', '92500'),
        (5, '8000 West Florissant Avenue', 'St. Louis', 'MO', '63136'),
        (6, '115 Tabor Road', 'Morris Plains', 'NJ', '07950'),
        (7, '1000 Eaton Boulevard', 'Cleveland', 'OH', '44122'),
        (8, '1201 South Second Street', 'Milwaukee', 'WI', '53204'),
        (9, '2-3, Marunouchi 3-chome', 'Chiyoda-ku', 'Tokyo', '100-8310'),
        (10, '2-1 Kurosaki-Shiroishi', 'Yahatanishi-ku', 'Kitakyushu', '806-0004'),
        (11, '1-3-1, Mabuchi, Tsuzuki-ku', 'Yokohama', 'Kanagawa', '224-8523'),
        (12, '12-13, Nishi-Gotanda 7-chome', 'Shinagawa-ku', 'Tokyo', '141-0031'),
        (13, '586 Fulling Mill Road', 'Middletown', 'PA', '17057'),
        (14, '1050 Westlakes Drive, Suite 120', 'Berwyn', 'PA', '19312'),
        (15, '10-1, Higashikotari 1-chome', 'Nagaokakyo', 'Kyoto', '617-8555'),
        (16, '12500 TI Boulevard', 'Dallas', 'TX', '75243'),
        (17, '2200 Mission College Boulevard', 'Santa Clara', 'CA', '95054'),
        (18, '2485 Augustine Drive', 'Santa Clara', 'CA', '95054'),
        (19, '2788 San Tomas Expressway', 'Santa Clara', 'CA', '95051'),
        (20, '8000 S Federal Way', 'Boise', 'ID', '83707');
-- Inserting Company Addresses to Addreess table_
INSERT INTO Address (AddressID, StreetAddress, City, State, Country, PostalCode)
VALUES  (50, '345 Rosewood Lane', 'Los Angeles', 'CA', 'USA', '90017'),
        (51, '932 Elmwood Avenue', 'New York', 'NY', 'USA', '10010'),
        (52, '75 Main Street', 'Chicago', 'IL', 'USA', '60605'),
        (53, '208 Cedar Lane', 'Houston', 'TX', 'USA', '77002'),
        (54, '789 Oak Street', 'Philadelphia', 'PA', 'USA', '19103'),
        (55, '456 Maple Drive', 'Phoenix', 'AZ', 'USA', '85004'),
        (56, '1010 Pine Street', 'San Francisco', 'CA', 'USA', '94108'),
        (57, '222 Magnolia Road', 'Atlanta', 'GA', 'USA', '30303'),
        (58, '567 Walnut Street', 'Boston', 'MA', 'USA', '02108'),
        (59, '777 Pinecrest Road', 'Dallas', 'TX', 'USA', '75201'),
        (60, '909 Cedar Road', 'Miami', 'FL', 'USA', '33130'),
        (61, '123 Oakwood Drive', 'Seattle', 'WA', 'USA', '98101'),
        (62, '456 Cedar Street', 'Washington', 'DC', 'USA', '20001'),
        (63, '789 Magnolia Drive', 'Denver', 'CO', 'USA', '80202'),
        (64, '1010 Maple Avenue', 'Las Vegas', 'NV', 'USA', '89101'),
        (65, '222 Pine Lane', 'New Orleans', 'LA', 'USA', '70112'),
        (66, '567 Cedar Avenue', 'San Diego', 'CA', 'USA', '92101'),
        (67, '777 Elm Street', 'Minneapolis', 'MN', 'USA', '55402'),
        (68, '909 Oak Lane', 'Portland', 'OR', 'USA', '97205'),
        (69, '123 Magnolia Avenue', 'Kansas City', 'MO', 'USA', '64105'),
        (70, '456 Pinecrest Drive', 'Salt Lake City', 'UT', 'USA', '84101'),
        (71, '789 Walnut Lane', 'Detroit', 'MI', 'USA', '48226'),
        (72, '1010 Elmwood Road', 'Charlotte', 'NC', 'USA', '28202'),
        (73, '222 Oakwood Avenue', 'Tampa', 'FL', 'USA', '33602'),
        (74, '567 Cedar Drive', 'Cleveland', 'OH', 'USA', '44113'),
        (75, '777 Magnolia Lane', 'St. Louis', 'MO', 'USA', '63101'),
        (76, '909 Pine Road', 'Orlando', 'FL', 'USA', '32801'),
        (77, '123 Walnut Street', 'Pittsburgh', 'PA', 'USA', '15222'),
        (78, '456 Elm Lane', 'San Antonio', 'TX', 'USA', '78205'),
        (79, '789 Cedar Avenue', 'Nashville', 'TN', 'USA', '37219'),
        (80, '1010 Pinecrest Road', 'Indianapolis', 'IN', 'USA', '46204');


-- Inserting Manufacturer Records to_ table_
INSERT INTO Manufacturers (ManufacturerID, ManufacturerName, ManufacturerDescription, AddressID)
VALUES
        (1, 'General Electric', 'Manufacturer of appliances, lighting, and power systems', 1),
        (2, 'Siemens', 'Manufacturer of industrial automation and energy systems', 2),
        (3, 'ABB', 'Manufacturer of power grids and industrial automation', 3),
        (4, 'Schneider Electric', 'Manufacturer of electrical distribution and automation systems', 4),
        (5, 'Emerson Electric', 'Manufacturer of automation and control systems', 5),
        (6, 'Honeywell', 'Manufacturer of building automation and control systems', 6),
        (7, 'Eaton', 'Manufacturer of power management and industrial automation systems', 7),
        (8, 'Rockwell Automation', 'Manufacturer of industrial automation and control systems', 8),
        (9, 'Mitsubishi Electric', 'Manufacturer of automation and control systems', 9),
        (10, 'Yaskawa Electric', 'Manufacturer of motion control and robotics systems', 10),
        (11, 'FANUC', 'Manufacturer of industrial robots and automation systems', 11),
        (12, 'Keyence', 'Manufacturer of sensors and automation equipment', 12),
        (13, 'Phoenix Contact', 'Manufacturer of industrial automation and control systems', 13),
        (14, 'TE Connectivity', 'Manufacturer of electronic components and sensors', 14),
        (15, 'Murata Manufacturing', 'Manufacturer of electronic components and sensors', 15),
        (16, 'Texas Instruments', 'Manufacturer of semiconductors and integrated circuits', 16),
        (17, 'Intel', 'Manufacturer of microprocessors and computer hardware', 17),
        (18, 'Advanced Micro Devices (AMD)', 'Manufacturer of microprocessors and computer hardware', 18),
        (19, 'Nvidia', 'Manufacturer of graphics processing units (GPUs) and artificial intelligence (AI) chips', 19),
        (20, 'Micron Technology', 'Manufacturer of memory and storage solutions', 20);

-- Inserting Customers to_ Customer Table_
INSERT INTO Customers (CustomerID, AddressID, CustomerName)
VALUES  (1, 0, 'Employees'),
        (2, 51, 'Global Energy Solutions'),
        (3, 52, 'Dynamic Manufacturing Inc'),
        (4, 53, 'Integrated Systems & Automation'),
        (5, 54, 'Smart Home Innovations'),
        (6, 55, 'Quantum Technologies LLC'),
        (7, 56, 'Precision Engineering Group'),
        (8, 57, 'Global Automation Services'),
        (9, 58, 'High Performance Systems Inc'),
        (10, 59, 'Secure Data Solutions'),
        (11, 60, 'Innovative Industrial Solutions'),
        (12, 61, 'Next Generation Innovations'),
        (13, 62, 'Advanced Automation & Control'),
        (14, 63, 'Global Robotics Corp'),
        (15, 64, 'Premier Manufacturing & Engineering'),
        (16, 65, 'Innovative Materials LLC'),
        (17, 66, 'Dynamic Robotics & Automation'),
        (18, 67, 'Quantum Computing Technologies'),
        (19, 68, 'Global Solutions Group'),
        (20, 69, 'Intelligent Manufacturing Systems'),
        (21, 70, 'Precision Components Inc'),
        (22, 71, 'Smart Tech Innovations'),
        (23, 72, 'Innovative Power & Energy'),
        (24, 73, 'Next Generation Automation Corp'),
        (25, 74, 'Advanced Industrial Systems'),
        (26, 75, 'Global Innovation Partners'),
        (27, 76, 'Dynamic Manufacturing & Robotics'),
        (28, 77, 'Quantum Information Technologies'),
        (29, 78, 'Global Engineering Solutions'),
        (30, 79, 'Intelligent Automation Inc'),
        (31, 80, 'Precision Automation Group');


-- Insert Sample Users for each System Admin
    INSERT INTO Users (FirstName, LastName, Telephone, Email, UserTypeID, CustomerID, UserLogon)
    VALUES ('Glenn', 'Admin', '111-1111', 'Glenn@email.com', 1, 1,'glenn'),
           ('William', 'Admin', '2222-2222', 'William@email.com', 1, 1,'william'),
           ('Ravi', 'Admin', '333-3333', 'Ravi@email.com', 1, 1,'ravi'),
           ('Robert', 'Admin', '444-4444', 'Robert@email.com', 1, 1,'robert');

-- Insert Sample Users for each Employees

    INSERT INTO Users (FirstName, LastName, Telephone, Email, UserTypeID, UserLogon, CustomerID, AddressID)
    VALUES
        ('James', 'Kirk', '5551234567', 'captain.kirk@enterprise.com', 2, 'jkirk', 1, 0),
        ('Spock', 'Spock', '5559876543', 'spock@enterprise.com', 2, 'sspock', 1, 0),
        ('Nyota', 'Uhura', '5555555555', 'uhura@enterprise.com', 2, 'nuhura', 1, 0),
        ('Montgomery', 'Scott', '5551112222', 'scotty@enterprise.com', 2, 'mscott', 1, 0),
        ('Hikaru', 'Sulu', '5553334444', 'sulu@enterprise.com', 2, 'hsulu', 1, 0),
        ('Pavel', 'Chekov', '5556667777', 'chekov@enterprise.com', 2, 'pchekov', 1, 0),
        ('Benjamin', 'Sisko', '5195552222', 'benjamin.sisko@example.com', 2, 'bsisko', 77, 0),
        ('Kira', 'Nerys', '5195552323', 'kira.nerys@example.com', 2, 'knerys', 1, 0),
        ('Jadzia', 'Dax', '5195552424', 'jadzia.dax@example.com', 2, 'jdax', 1, 0),
        ('Miles', 'O''Brien', '5195552525', 'miles.obrien@example.com', 2, 'mobrien', 1, 0),
        ('Julian', 'Bashir', '5195552626', 'julian.bashir@example.com', 2, 'jbashir', 1, 0),
        ('Quark', '', '5195552727', 'quark@example.com', 2, 'quark', 1, 0),
        ('Odo', '', '5195552828', 'odo@example.com', 2, 'odo', 1, 0),
        ('Ezri', 'Dax', '5195552929', 'ezri.dax@example.com', 2, 'edax', 1, 0),
        ('Worf', 'son of Mogh', '5195553030', 'worf@example.com', 2, 'worf', 1, 0),
        ('Jean-Luc', 'Picard', '5195551212', 'jeanluc.picard@example.com', 2, 'jpicard', 1, 0),
        ('William', 'Riker', '5195551313', 'william.riker@example.com', 2, 'wriker', 1, 0),
        ('Geordi', 'La Forge', '5195551414', 'geordi.laforge@example.com', 2, 'glaforge', 1, 0),
        ('Deanna', 'Troi', '5195551515', 'deanna.troi@example.com', 2, 'dtroi', 1, 0),
        ('Data', '', '5195551616', 'data@example.com', 2, 'data', 1, 0),
        ('Beverly', 'Crusher', '5195551717', 'beverly.crusher@example.com', 2, 'bcrusher', 1, 0),
        ('Wesley', 'Crusher', '5195551818', 'wesley.crusher@example.com', 2, 'wcrusher', 1, 0),
        ('Tasha', 'Yar', '5195551919', 'tasha.yar@example.com', 2, 'tyar', 1, 0),
        ('Guinan', '', '5195552020', 'guinan@example.com', 2, 'guinan', 71, 0),
        ('Q', '', '5195552121', 'q@example.com', 2, 'q', 1, 0),
        ('Kathryn', 'Janeway', '5195551212', 'kathryn.janeway@example.com', 2, 'kjaneway', 1, 0),
        ('Chakotay', 'Unknown', '5195551313', 'chakotay.unknown@example.com', 2, 'cunknown', 1, 0),
        ('Tuvok', 'Unknown', '5195551414', 'tuvok.unknown@example.com', 2, 'tunknown', 1, 0),
        ('Tom', 'Paris', '5195551515', 'tom.paris@example.com', 2, 'tparis', 1, 0),
        ('B Elanna', 'Torres', '5195551616', 'btorres@example.com', 2, 'btorres', 1, 0),
        ('Harry', 'Kim', '5195551717', 'harry.kim@example.com', 2, 'hkim', 1, 0),
        ('The Doctor', 'Unknown', '5195551818', 'thedoctor.unknown@example.com', 2, 'thedoctor', 1, 0),
        ('Seven', 'of Nine', '5195551919', 'seven.ofnine@example.com', 2, 'sofnine', 1, 0),
        ('Neelix', 'Unknown', '5195552020', 'neelix.unknown@example.com', 2, 'nunknown', 1, 0),
        ('Kes', 'Unknown', '5195552121', 'kes.unknown@example.com', 2, 'kunknown', 1, 0),
        ('Tal', 'Celes', '5195552222', 'tal.celes@example.com', 2, 'tceles', 1, 0),
        ('Icheb', 'Unknown', '5195552323', 'icheb.unknown@example.com', 2, 'iunknown', 1, 0),
        ('Mezoti', 'Unknown', '5195552424', 'mezoti.unknown@example.com', 2, 'munknown', 1, 0),
        ('Azan', 'Unknown', '5195552525', 'azan.unknown@example.com', 2, 'aunknown', 1, 0),
        ('Rebi', 'Unknown', '5195552626', 'rebi.unknown@example.com', 2, 'runknown', 1, 0),
        ('Naomi', 'Wildman', '5195552727', 'naomi.wildman@example.com', 2, 'nwildman', 1, 0),
        ('Qatai', 'Unknown', '5195552828', 'qatai.unknown@example.com', 2, 'qunknown', 1, 0),
        ('Riley', 'Unknown', '5195552929', 'riley.unknown@example.com', 2, 'runknown', 1, 0),
        ('Miral', 'Paris', '5195553030', 'miral.paris@example.com', 2, 'mparis', 1, 0);


-- inserting Customers Users

    INSERT INTO Users (FirstName, LastName, Telephone, Email, UserTypeID, UserLogon, CustomerID, AddressID)
    VALUES
        ('Ziggy', 'Zorg', '5195550101', 'ziggy.zorg@example.com', 3, 'zzorg', 1, 0 ),
        ('Goober', 'Gonzales', '5195550202', 'goober.gonzales@example.com', 3, 'ggonzales', 2, 0),
        ('Doodle', 'Dandy', '5195550303', 'doodle.dandy@example.com', 3, 'ddandy', 3, 0),
        ('Buster', 'Butterscotch', '5195550404', 'buster.butterscotch@example.com', 3, 'bbutterscotch', 4, 0),
        ('Scooter', 'Scoops', '5195550505', 'scooter.scoops@example.com', 3, 'sscoops', 5, 0),
        ('Ziggy', 'Zog', '5195550606', 'ziggy.zog@example.com', 3, 'zzog', 6, 0),
        ('Gidget', 'Gobstopper', '5195550707', 'gidget.gobstopper@example.com', 3, 'ggobstopper', 7, 0),
        ('Pippi', 'Popcorn', '5195550808', 'pippi.popcorn@example.com', 3, 'ppopcorn', 8, 0),
        ('Bippy', 'Bubblewrap', '5195550909', 'bippy.bubblewrap@example.com', 3, 'bbubblewrap', 9, 0),
        ('Glimmer', 'Glitter', '5195551010', 'glimmer.glitter@example.com', 3, 'gglitter', 10, 0),
        ('Binky', 'Biscuits', '5195551111', 'binky.biscuits@example.com', 3, 'bbiscuits', 10, 0);



-- inserting more Customers Users
    INSERT INTO Users (FirstName, LastName, Telephone, Email, CustomerID, AddressID, UserTypeID, UserLogon)
    VALUES
        ('Korath', 'Zapf', '5554452222', 'korath.zapf@example.com', 10, 0, 3, 'korathz'),
        ('Vorath', 'Wiberg', '5552896543', 'vorath.wiberg@example.com', 11, 0, 3, 'vorathw'),
        ('Gorath', 'Nagel', '5556721098', 'gorath.nagel@example.com', 12, 0, 3, 'gorathn'),
        ('Jorath', 'Watt', '5559812345', 'jorath.watt@example.com', 13, 0, 3, 'jorathw'),
        ('Droth', 'Parks', '5558654321', 'droth.parks@example.com', 14, 0, 3, 'drothp'),
        ('Zorath', 'Webb', '5552467890', 'zorath.webb@example.com', 15, 0, 3, 'zorathw'),
        ('Norath', 'Larson', '5557778888', 'norath.larson@example.com', 16, 0, 3, 'norathl'),
        ('Korath', 'Walton', '5553334444', 'korath.walton@example.com', 16, 0, 3, 'korathw'),
        ('Morath', 'Cooke', '5559998888', 'morath.cooke@example.com', 16, 0, 3, 'morathc'),
        ('Torath', 'Nixon', '5551234567', 'torath.nixon@example.com', 17, 0, 3, 'torathn'),
        ('KVorin', 'McGee', '5554567890', 'kvorin.mcgee@example.com', 18, 0, 3, 'kvorinm'),
        ('Vok', 'Alexander', '5553456789', 'vok.alexander@example.com', 19, 0, 3, 'voka'),
        ('Qurgh', 'Gibson', '5558765432', 'qurgh.gibson@example.com', 20, 0, 3, 'qurghg'),
        ('Gor', 'Hines', '5556543210', 'gor.hines@example.com', 21, 0, 3, 'gorh'),
        ('Jmpok', 'Mullins', '5552345678', 'jmpok.mullins@example.com', 22, 0, 3, 'jmpokm'),
        ('Kor', 'Haley', '5555678901', 'kor.haley@example.com', 30, 0, 3, 'korh');


-- inserting Manufacturer Users
    INSERT INTO Users (FirstName, LastName, Telephone, Email, UserTypeID, UserLogon, ManufacturerID, AddressID)
    VALUES
        ('Luke', 'Skywalker', '5195551212', 'luke.skywalker@example.com', 4, 'lskywalker', 2, 0),
        ('Han', 'Solo', '5195551313', 'han.solo@example.com', 4, 'hsolo', 3, 0),
        ('Leia', 'Organa', '5195551414', 'leia.organa@example.com', 4, 'lorgana', 3, 0),
        ('Chewbacca', 'Unknown', '5195551515', 'chewbacca.unknown@example.com', 4, 'cunknown', 4, 0),
        ('Lando', 'Calrissian', '5195551616', 'lando.calrissian@example.com', 4, 'lcalrissian', 5, 0),
        ('Obi-Wan', 'Kenobi', '5195551717', 'obiwan.kenobi@example.com', 4, 'okenobi', 6, 0),
        ('Anakin', 'Skywalker', '5195551818', 'anakin.skywalker@example.com', 4, 'askywalker', 7, 0),
        ('Padmé', 'Amidala', '5195551919', 'padme.amidala@example.com', 4, 'pamidala', 8, 0),
        ('Qui-Gon', 'Jinn', '5195552020', 'quigon.jinn@example.com', 4, 'qjinn', 9, 0),
        ('Mace', 'Windu', '5195552121', 'mace.windu@example.com', 4, 'mwindu', 10, 0),
        ('Yoda', 'Unknown', '5195552222', 'yoda.unknown@example.com', 4, 'yunknown', 11, 0),
        ('Darth', 'Vader', '5195552323', 'darth.vader@example.com', 4, 'dvader', 12, 0),
        ('Emperor', 'Palpatine', '5195552424', 'emperor.palpatine@example.com', 4, 'epalpatine', 13, 0),
        ('Boba', 'Fett', '5195552525', 'boba.fett@example.com', 4, 'bfett', 14, 0),
        ('Jango', 'Fett', '5195552626', 'jango.fett@example.com', 4, 'jfett', 14, 0),
        ('Greedo', 'Unknown', '5195552727', 'greedo.unknown@example.com', 4, 'gunknown', 15, 0),
        ('Jabba', 'the Hutt', '5195552828', 'jabba.hutt@example.com', 4, 'jhutt', 16, 0),
        ('Wedge', 'Antilles', '5195552929', 'wedge.antilles@example.com', 4, 'wantilles', 18, 0),
        ('Admiral', 'Ackbar', '5195553030', 'admiral.ackbar@example.com', 4, 'aackbar', 18, 0);

-- inserting catalog items
    INSERT INTO CatalogItems (CatalogItemID, ManufacturerID, CatalogItemName, ItemCategoryID, BuyCost)
    VALUES
        (1,1,'CATID1_MANID1_ITEM_#1',21,209.55),
        (2,1,'CATID2_MANID1_ITEM_#2',29,80.45),
        (3,1,'CATID3_MANID1_ITEM_#3',12,41.59),
        (4,1,'CATID4_MANID1_ITEM_#4',19,586.29),
        (5,1,'CATID5_MANID1_ITEM_#5',3,528.51),
        (6,1,'CATID6_MANID1_ITEM_#6',25,574.83),
        (7,1,'CATID7_MANID1_ITEM_#7',3,370.5),
        (8,1,'CATID8_MANID1_ITEM_#8',20,855.15),
        (9,1,'CATID9_MANID1_ITEM_#9',22,582.03),
        (10,1,'CATID10_MANID1_ITEM_#10',18,912.06),
        (11,1,'CATID11_MANID1_ITEM_#11',12,23.76),
        (12,1,'CATID12_MANID1_ITEM_#12',28,289.48),
        (13,1,'CATID13_MANID1_ITEM_#13',32,242.03),
        (14,1,'CATID14_MANID1_ITEM_#14',29,561.03),
        (15,1,'CATID15_MANID1_ITEM_#15',24,112.93),
        (16,1,'CATID16_MANID1_ITEM_#16',39,801.23),
        (17,1,'CATID17_MANID1_ITEM_#17',12,605.51),
        (18,1,'CATID18_MANID1_ITEM_#18',8,905.63),
        (19,1,'CATID19_MANID1_ITEM_#19',8,366.08),
        (20,1,'CATID20_MANID1_ITEM_#20',14,644.06),
        (21,1,'CATID21_MANID1_ITEM_#21',20,641.41),
        (22,1,'CATID22_MANID1_ITEM_#22',11,623.19),
        (23,1,'CATID23_MANID1_ITEM_#23',5,708.14),
        (24,1,'CATID24_MANID1_ITEM_#24',17,485.42),
        (25,1,'CATID25_MANID1_ITEM_#25',12,91.63),
        (26,1,'CATID26_MANID1_ITEM_#26',4,617.0),
        (27,1,'CATID27_MANID1_ITEM_#27',40,25.4),
        (28,1,'CATID28_MANID1_ITEM_#28',22,909.59),
        (29,1,'CATID29_MANID1_ITEM_#29',28,670.55),
        (30,1,'CATID30_MANID1_ITEM_#30',26,750.75),
        (31,1,'CATID31_MANID1_ITEM_#31',26,973.52),
        (32,1,'CATID32_MANID1_ITEM_#32',35,551.4),
        (33,1,'CATID33_MANID1_ITEM_#33',29,476.27),
        (34,1,'CATID34_MANID1_ITEM_#34',14,863.19),
        (35,1,'CATID35_MANID1_ITEM_#35',19,464.72),
        (36,1,'CATID36_MANID1_ITEM_#36',10,925.39),
        (37,1,'CATID37_MANID1_ITEM_#37',7,405.23),
        (38,1,'CATID38_MANID1_ITEM_#38',24,85.59),
        (39,1,'CATID39_MANID1_ITEM_#39',2,211.23),
        (40,1,'CATID40_MANID1_ITEM_#40',9,943.04),
        (41,1,'CATID41_MANID1_ITEM_#41',19,204.83),
        (42,1,'CATID42_MANID1_ITEM_#42',10,490.14),
        (43,1,'CATID43_MANID1_ITEM_#43',11,15.55),
        (44,1,'CATID44_MANID1_ITEM_#44',17,498.38),
        (45,1,'CATID45_MANID1_ITEM_#45',11,456.09),
        (46,1,'CATID46_MANID1_ITEM_#46',5,462.99),
        (47,1,'CATID47_MANID1_ITEM_#47',8,358.25),
        (48,1,'CATID48_MANID1_ITEM_#48',13,243.2),
        (49,1,'CATID49_MANID1_ITEM_#49',19,5.16),
        (50,1,'CATID50_MANID1_ITEM_#50',12,969.78),
        (51,2,'CATID51_MANID2_ITEM_#1',3,342.77),
        (52,2,'CATID52_MANID2_ITEM_#2',4,38.91),
        (53,2,'CATID53_MANID2_ITEM_#3',23,739.16),
        (54,2,'CATID54_MANID2_ITEM_#4',26,311.41),
        (55,2,'CATID55_MANID2_ITEM_#5',26,637.28),
        (56,2,'CATID56_MANID2_ITEM_#6',19,571.43),
        (57,2,'CATID57_MANID2_ITEM_#7',33,992.75),
        (58,2,'CATID58_MANID2_ITEM_#8',4,477.91),
        (59,2,'CATID59_MANID2_ITEM_#9',26,441.57),
        (60,2,'CATID60_MANID2_ITEM_#10',28,805.21),
        (61,2,'CATID61_MANID2_ITEM_#11',31,560.91),
        (62,2,'CATID62_MANID2_ITEM_#12',32,560.39),
        (63,2,'CATID63_MANID2_ITEM_#13',7,45.85),
        (64,2,'CATID64_MANID2_ITEM_#14',15,466.15),
        (65,2,'CATID65_MANID2_ITEM_#15',26,544.51),
        (66,2,'CATID66_MANID2_ITEM_#16',8,29.72),
        (67,2,'CATID67_MANID2_ITEM_#17',16,587.17),
        (68,2,'CATID68_MANID2_ITEM_#18',33,754.56),
        (69,2,'CATID69_MANID2_ITEM_#19',18,451.83),
        (70,2,'CATID70_MANID2_ITEM_#20',25,816.18),
        (71,2,'CATID71_MANID2_ITEM_#21',9,648.04),
        (72,2,'CATID72_MANID2_ITEM_#22',28,801.9),
        (73,2,'CATID73_MANID2_ITEM_#23',1,570.79),
        (74,2,'CATID74_MANID2_ITEM_#24',35,80.98),
        (75,2,'CATID75_MANID2_ITEM_#25',12,141.95),
        (76,2,'CATID76_MANID2_ITEM_#26',30,865.87),
        (77,2,'CATID77_MANID2_ITEM_#27',15,530.87),
        (78,2,'CATID78_MANID2_ITEM_#28',9,384.18),
        (79,2,'CATID79_MANID2_ITEM_#29',31,109.76),
        (80,2,'CATID80_MANID2_ITEM_#30',24,593.53),
        (81,2,'CATID81_MANID2_ITEM_#31',9,238.65),
        (82,2,'CATID82_MANID2_ITEM_#32',5,954.47),
        (83,2,'CATID83_MANID2_ITEM_#33',39,502.91),
        (84,2,'CATID84_MANID2_ITEM_#34',9,229.1),
        (85,2,'CATID85_MANID2_ITEM_#35',19,608.08),
        (86,2,'CATID86_MANID2_ITEM_#36',22,104.57),
        (87,2,'CATID87_MANID2_ITEM_#37',26,641.87),
        (88,2,'CATID88_MANID2_ITEM_#38',38,204.32),
        (89,2,'CATID89_MANID2_ITEM_#39',21,778.41),
        (90,2,'CATID90_MANID2_ITEM_#40',1,238.56),
        (91,2,'CATID91_MANID2_ITEM_#41',39,658.64),
        (92,2,'CATID92_MANID2_ITEM_#42',34,265.42),
        (93,2,'CATID93_MANID2_ITEM_#43',24,849.98),
        (94,2,'CATID94_MANID2_ITEM_#44',23,1.33),
        (95,2,'CATID95_MANID2_ITEM_#45',27,642.07),
        (96,2,'CATID96_MANID2_ITEM_#46',19,358.83),
        (97,2,'CATID97_MANID2_ITEM_#47',18,483.58),
        (98,2,'CATID98_MANID2_ITEM_#48',27,802.41),
        (99,2,'CATID99_MANID2_ITEM_#49',37,180.24),
        (100,2,'CATID100_MANID2_ITEM_#50',19,434.87),
        (101,3,'CATID101_MANID3_ITEM_#1',32,986.76),
        (102,3,'CATID102_MANID3_ITEM_#2',30,999.41),
        (103,3,'CATID103_MANID3_ITEM_#3',3,203.28),
        (104,3,'CATID104_MANID3_ITEM_#4',2,540.31),
        (105,3,'CATID105_MANID3_ITEM_#5',29,629.7),
        (106,3,'CATID106_MANID3_ITEM_#6',32,117.92),
        (107,3,'CATID107_MANID3_ITEM_#7',7,774.35),
        (108,3,'CATID108_MANID3_ITEM_#8',33,873.48),
        (109,3,'CATID109_MANID3_ITEM_#9',32,81.47),
        (110,3,'CATID110_MANID3_ITEM_#10',34,978.04),
        (111,3,'CATID111_MANID3_ITEM_#11',40,256.32),
        (112,3,'CATID112_MANID3_ITEM_#12',2,148.49),
        (113,3,'CATID113_MANID3_ITEM_#13',29,936.06),
        (114,3,'CATID114_MANID3_ITEM_#14',4,766.95),
        (115,3,'CATID115_MANID3_ITEM_#15',17,338.82),
        (116,3,'CATID116_MANID3_ITEM_#16',38,69.42),
        (117,3,'CATID117_MANID3_ITEM_#17',32,943.1),
        (118,3,'CATID118_MANID3_ITEM_#18',37,499.22),
        (119,3,'CATID119_MANID3_ITEM_#19',37,436.85),
        (120,3,'CATID120_MANID3_ITEM_#20',22,703.68),
        (121,3,'CATID121_MANID3_ITEM_#21',26,559.95),
        (122,3,'CATID122_MANID3_ITEM_#22',33,963.72),
        (123,3,'CATID123_MANID3_ITEM_#23',28,37.96),
        (124,3,'CATID124_MANID3_ITEM_#24',12,225.82),
        (125,3,'CATID125_MANID3_ITEM_#25',23,680.62),
        (126,3,'CATID126_MANID3_ITEM_#26',39,672.46),
        (127,3,'CATID127_MANID3_ITEM_#27',24,670.87),
        (128,3,'CATID128_MANID3_ITEM_#28',16,724.63),
        (129,3,'CATID129_MANID3_ITEM_#29',36,543.14),
        (130,3,'CATID130_MANID3_ITEM_#30',23,347.03),
        (131,3,'CATID131_MANID3_ITEM_#31',11,328.36),
        (132,3,'CATID132_MANID3_ITEM_#32',19,510.83),
        (133,3,'CATID133_MANID3_ITEM_#33',38,531.43),
        (134,3,'CATID134_MANID3_ITEM_#34',21,139.21),
        (135,3,'CATID135_MANID3_ITEM_#35',26,93.23),
        (136,3,'CATID136_MANID3_ITEM_#36',12,403.32),
        (137,3,'CATID137_MANID3_ITEM_#37',18,596.96),
        (138,3,'CATID138_MANID3_ITEM_#38',13,239.8),
        (139,3,'CATID139_MANID3_ITEM_#39',28,865.24),
        (140,3,'CATID140_MANID3_ITEM_#40',12,768.04),
        (141,3,'CATID141_MANID3_ITEM_#41',27,784.68),
        (142,3,'CATID142_MANID3_ITEM_#42',19,499.87),
        (143,3,'CATID143_MANID3_ITEM_#43',33,324.12),
        (144,3,'CATID144_MANID3_ITEM_#44',28,467.24),
        (145,3,'CATID145_MANID3_ITEM_#45',21,981.59),
        (146,3,'CATID146_MANID3_ITEM_#46',28,747.61),
        (147,3,'CATID147_MANID3_ITEM_#47',9,542.15),
        (148,3,'CATID148_MANID3_ITEM_#48',3,408.83),
        (149,3,'CATID149_MANID3_ITEM_#49',37,14.64),
        (150,3,'CATID150_MANID3_ITEM_#50',7,907.44),
        (151,4,'CATID151_MANID4_ITEM_#1',36,547.31),
        (152,4,'CATID152_MANID4_ITEM_#2',13,462.84),
        (153,4,'CATID153_MANID4_ITEM_#3',26,434.07),
        (154,4,'CATID154_MANID4_ITEM_#4',37,458.88),
        (155,4,'CATID155_MANID4_ITEM_#5',6,501.83),
        (156,4,'CATID156_MANID4_ITEM_#6',6,524.7),
        (157,4,'CATID157_MANID4_ITEM_#7',22,671.86),
        (158,4,'CATID158_MANID4_ITEM_#8',2,941.52),
        (159,4,'CATID159_MANID4_ITEM_#9',1,472.84),
        (160,4,'CATID160_MANID4_ITEM_#10',32,176.46),
        (161,4,'CATID161_MANID4_ITEM_#11',18,115.24),
        (162,4,'CATID162_MANID4_ITEM_#12',31,372.46),
        (163,4,'CATID163_MANID4_ITEM_#13',14,269.53),
        (164,4,'CATID164_MANID4_ITEM_#14',14,349.27),
        (165,4,'CATID165_MANID4_ITEM_#15',25,441.4),
        (166,4,'CATID166_MANID4_ITEM_#16',20,399.04),
        (167,4,'CATID167_MANID4_ITEM_#17',22,627.28),
        (168,4,'CATID168_MANID4_ITEM_#18',25,307.1),
        (169,4,'CATID169_MANID4_ITEM_#19',22,559.76),
        (170,4,'CATID170_MANID4_ITEM_#20',16,653.58),
        (171,4,'CATID171_MANID4_ITEM_#21',21,475.58),
        (172,4,'CATID172_MANID4_ITEM_#22',38,741.07),
        (173,4,'CATID173_MANID4_ITEM_#23',40,220.96),
        (174,4,'CATID174_MANID4_ITEM_#24',31,937.87),
        (175,4,'CATID175_MANID4_ITEM_#25',33,636.62),
        (176,4,'CATID176_MANID4_ITEM_#26',4,657.65),
        (177,4,'CATID177_MANID4_ITEM_#27',37,362.9),
        (178,4,'CATID178_MANID4_ITEM_#28',19,46.33),
        (179,4,'CATID179_MANID4_ITEM_#29',26,270.98),
        (180,4,'CATID180_MANID4_ITEM_#30',12,346.83),
        (181,4,'CATID181_MANID4_ITEM_#31',32,44.97),
        (182,4,'CATID182_MANID4_ITEM_#32',12,407.43),
        (183,4,'CATID183_MANID4_ITEM_#33',24,566.23),
        (184,4,'CATID184_MANID4_ITEM_#34',14,305.63),
        (185,4,'CATID185_MANID4_ITEM_#35',17,40.99),
        (186,4,'CATID186_MANID4_ITEM_#36',23,523.57),
        (187,4,'CATID187_MANID4_ITEM_#37',14,140.58),
        (188,4,'CATID188_MANID4_ITEM_#38',16,505.86),
        (189,4,'CATID189_MANID4_ITEM_#39',37,401.06),
        (190,4,'CATID190_MANID4_ITEM_#40',39,473.35),
        (191,4,'CATID191_MANID4_ITEM_#41',8,381.04),
        (192,4,'CATID192_MANID4_ITEM_#42',28,387.68),
        (193,4,'CATID193_MANID4_ITEM_#43',35,865.0),
        (194,4,'CATID194_MANID4_ITEM_#44',18,217.54),
        (195,4,'CATID195_MANID4_ITEM_#45',33,151.12),
        (196,4,'CATID196_MANID4_ITEM_#46',25,951.0),
        (197,4,'CATID197_MANID4_ITEM_#47',37,108.19),
        (198,4,'CATID198_MANID4_ITEM_#48',19,40.29),
        (199,4,'CATID199_MANID4_ITEM_#49',11,758.69),
        (200,4,'CATID200_MANID4_ITEM_#50',39,327.38),
        (201,5,'CATID201_MANID5_ITEM_#1',36,400.91),
        (202,5,'CATID202_MANID5_ITEM_#2',7,761.55),
        (203,5,'CATID203_MANID5_ITEM_#3',33,349.38),
        (204,5,'CATID204_MANID5_ITEM_#4',21,722.37),
        (205,5,'CATID205_MANID5_ITEM_#5',22,527.09),
        (206,5,'CATID206_MANID5_ITEM_#6',7,453.41),
        (207,5,'CATID207_MANID5_ITEM_#7',12,280.81),
        (208,5,'CATID208_MANID5_ITEM_#8',28,306.26),
        (209,5,'CATID209_MANID5_ITEM_#9',12,552.42),
        (210,5,'CATID210_MANID5_ITEM_#10',3,301.46),
        (211,5,'CATID211_MANID5_ITEM_#11',37,243.86),
        (212,5,'CATID212_MANID5_ITEM_#12',15,476.81),
        (213,5,'CATID213_MANID5_ITEM_#13',18,94.03),
        (214,5,'CATID214_MANID5_ITEM_#14',16,917.09),
        (215,5,'CATID215_MANID5_ITEM_#15',5,777.62),
        (216,5,'CATID216_MANID5_ITEM_#16',28,892.7),
        (217,5,'CATID217_MANID5_ITEM_#17',5,398.12),
        (218,5,'CATID218_MANID5_ITEM_#18',27,26.81),
        (219,5,'CATID219_MANID5_ITEM_#19',14,967.37),
        (220,5,'CATID220_MANID5_ITEM_#20',19,801.41),
        (221,5,'CATID221_MANID5_ITEM_#21',13,30.55),
        (222,5,'CATID222_MANID5_ITEM_#22',33,697.67),
        (223,5,'CATID223_MANID5_ITEM_#23',38,185.08),
        (224,5,'CATID224_MANID5_ITEM_#24',30,952.25),
        (225,5,'CATID225_MANID5_ITEM_#25',19,566.89),
        (226,5,'CATID226_MANID5_ITEM_#26',1,772.35),
        (227,5,'CATID227_MANID5_ITEM_#27',32,83.17),
        (228,5,'CATID228_MANID5_ITEM_#28',14,168.37),
        (229,5,'CATID229_MANID5_ITEM_#29',3,744.2),
        (230,5,'CATID230_MANID5_ITEM_#30',36,10.12),
        (231,5,'CATID231_MANID5_ITEM_#31',2,201.5),
        (232,5,'CATID232_MANID5_ITEM_#32',35,920.7),
        (233,5,'CATID233_MANID5_ITEM_#33',31,372.5),
        (234,5,'CATID234_MANID5_ITEM_#34',36,646.22),
        (235,5,'CATID235_MANID5_ITEM_#35',23,726.17),
        (236,5,'CATID236_MANID5_ITEM_#36',21,805.9),
        (237,5,'CATID237_MANID5_ITEM_#37',39,703.68),
        (238,5,'CATID238_MANID5_ITEM_#38',11,770.94),
        (239,5,'CATID239_MANID5_ITEM_#39',30,266.43),
        (240,5,'CATID240_MANID5_ITEM_#40',6,212.11),
        (241,5,'CATID241_MANID5_ITEM_#41',17,347.57),
        (242,5,'CATID242_MANID5_ITEM_#42',34,439.37),
        (243,5,'CATID243_MANID5_ITEM_#43',27,282.69),
        (244,5,'CATID244_MANID5_ITEM_#44',3,750.68),
        (245,5,'CATID245_MANID5_ITEM_#45',15,941.35),
        (246,5,'CATID246_MANID5_ITEM_#46',7,187.82),
        (247,5,'CATID247_MANID5_ITEM_#47',4,911.36),
        (248,5,'CATID248_MANID5_ITEM_#48',13,779.98),
        (249,5,'CATID249_MANID5_ITEM_#49',5,295.23),
        (250,5,'CATID250_MANID5_ITEM_#50',24,957.38),
        (251,6,'CATID251_MANID6_ITEM_#1',20,873.29),
        (252,6,'CATID252_MANID6_ITEM_#2',40,458.8),
        (253,6,'CATID253_MANID6_ITEM_#3',26,565.15),
        (254,6,'CATID254_MANID6_ITEM_#4',27,369.73),
        (255,6,'CATID255_MANID6_ITEM_#5',9,418.93),
        (256,6,'CATID256_MANID6_ITEM_#6',37,958.77),
        (257,6,'CATID257_MANID6_ITEM_#7',26,198.43),
        (258,6,'CATID258_MANID6_ITEM_#8',20,874.82),
        (259,6,'CATID259_MANID6_ITEM_#9',33,275.85),
        (260,6,'CATID260_MANID6_ITEM_#10',31,556.59),
        (261,6,'CATID261_MANID6_ITEM_#11',36,498.26),
        (262,6,'CATID262_MANID6_ITEM_#12',10,754.06),
        (263,6,'CATID263_MANID6_ITEM_#13',3,336.21),
        (264,6,'CATID264_MANID6_ITEM_#14',13,906.87),
        (265,6,'CATID265_MANID6_ITEM_#15',5,759.57),
        (266,6,'CATID266_MANID6_ITEM_#16',16,314.02),
        (267,6,'CATID267_MANID6_ITEM_#17',28,902.36),
        (268,6,'CATID268_MANID6_ITEM_#18',25,726.66),
        (269,6,'CATID269_MANID6_ITEM_#19',16,473.97),
        (270,6,'CATID270_MANID6_ITEM_#20',2,32.8),
        (271,6,'CATID271_MANID6_ITEM_#21',33,605.86),
        (272,6,'CATID272_MANID6_ITEM_#22',34,575.89),
        (273,6,'CATID273_MANID6_ITEM_#23',28,963.68),
        (274,6,'CATID274_MANID6_ITEM_#24',4,749.77),
        (275,6,'CATID275_MANID6_ITEM_#25',32,265.1),
        (276,6,'CATID276_MANID6_ITEM_#26',5,547.73),
        (277,6,'CATID277_MANID6_ITEM_#27',1,222.21),
        (278,6,'CATID278_MANID6_ITEM_#28',26,291.32),
        (279,6,'CATID279_MANID6_ITEM_#29',13,922.12),
        (280,6,'CATID280_MANID6_ITEM_#30',9,713.57),
        (281,6,'CATID281_MANID6_ITEM_#31',21,912.05),
        (282,6,'CATID282_MANID6_ITEM_#32',29,583.97),
        (283,6,'CATID283_MANID6_ITEM_#33',33,164.76),
        (284,6,'CATID284_MANID6_ITEM_#34',4,37.68),
        (285,6,'CATID285_MANID6_ITEM_#35',4,536.93),
        (286,6,'CATID286_MANID6_ITEM_#36',21,112.1),
        (287,6,'CATID287_MANID6_ITEM_#37',27,32.94),
        (288,6,'CATID288_MANID6_ITEM_#38',36,856.48),
        (289,6,'CATID289_MANID6_ITEM_#39',38,221.25),
        (290,6,'CATID290_MANID6_ITEM_#40',26,66.69),
        (291,6,'CATID291_MANID6_ITEM_#41',35,311.45),
        (292,6,'CATID292_MANID6_ITEM_#42',34,894.79),
        (293,6,'CATID293_MANID6_ITEM_#43',5,544.58),
        (294,6,'CATID294_MANID6_ITEM_#44',28,902.33),
        (295,6,'CATID295_MANID6_ITEM_#45',35,223.59),
        (296,6,'CATID296_MANID6_ITEM_#46',28,888.03),
        (297,6,'CATID297_MANID6_ITEM_#47',22,220.49),
        (298,6,'CATID298_MANID6_ITEM_#48',6,655.37),
        (299,6,'CATID299_MANID6_ITEM_#49',11,237.39),
        (300,6,'CATID300_MANID6_ITEM_#50',38,678.47),
        (301,7,'CATID301_MANID7_ITEM_#1',2,554.51),
        (302,7,'CATID302_MANID7_ITEM_#2',24,625.82),
        (303,7,'CATID303_MANID7_ITEM_#3',8,195.53),
        (304,7,'CATID304_MANID7_ITEM_#4',9,335.25),
        (305,7,'CATID305_MANID7_ITEM_#5',3,484.82),
        (306,7,'CATID306_MANID7_ITEM_#6',4,339.99),
        (307,7,'CATID307_MANID7_ITEM_#7',28,584.05),
        (308,7,'CATID308_MANID7_ITEM_#8',34,387.52),
        (309,7,'CATID309_MANID7_ITEM_#9',30,347.33),
        (310,7,'CATID310_MANID7_ITEM_#10',5,35.6),
        (311,7,'CATID311_MANID7_ITEM_#11',7,857.36),
        (312,7,'CATID312_MANID7_ITEM_#12',19,87.07),
        (313,7,'CATID313_MANID7_ITEM_#13',6,758.4),
        (314,7,'CATID314_MANID7_ITEM_#14',17,886.36),
        (315,7,'CATID315_MANID7_ITEM_#15',4,489.81),
        (316,7,'CATID316_MANID7_ITEM_#16',7,404.66),
        (317,7,'CATID317_MANID7_ITEM_#17',1,136.7),
        (318,7,'CATID318_MANID7_ITEM_#18',17,975.5),
        (319,7,'CATID319_MANID7_ITEM_#19',7,443.03),
        (320,7,'CATID320_MANID7_ITEM_#20',40,480.54),
        (321,7,'CATID321_MANID7_ITEM_#21',17,860.38),
        (322,7,'CATID322_MANID7_ITEM_#22',7,956.05),
        (323,7,'CATID323_MANID7_ITEM_#23',36,50.56),
        (324,7,'CATID324_MANID7_ITEM_#24',24,356.13),
        (325,7,'CATID325_MANID7_ITEM_#25',38,44.94),
        (326,7,'CATID326_MANID7_ITEM_#26',15,48.19),
        (327,7,'CATID327_MANID7_ITEM_#27',9,492.68),
        (328,7,'CATID328_MANID7_ITEM_#28',9,955.18),
        (329,7,'CATID329_MANID7_ITEM_#29',26,496.52),
        (330,7,'CATID330_MANID7_ITEM_#30',26,418.74),
        (331,7,'CATID331_MANID7_ITEM_#31',33,220.15),
        (332,7,'CATID332_MANID7_ITEM_#32',8,324.59),
        (333,7,'CATID333_MANID7_ITEM_#33',33,466.63),
        (334,7,'CATID334_MANID7_ITEM_#34',40,533.39),
        (335,7,'CATID335_MANID7_ITEM_#35',7,226.09),
        (336,7,'CATID336_MANID7_ITEM_#36',2,715.96),
        (337,7,'CATID337_MANID7_ITEM_#37',16,923.7),
        (338,7,'CATID338_MANID7_ITEM_#38',14,945.26),
        (339,7,'CATID339_MANID7_ITEM_#39',34,818.17),
        (340,7,'CATID340_MANID7_ITEM_#40',19,854.45),
        (341,7,'CATID341_MANID7_ITEM_#41',1,706.38),
        (342,7,'CATID342_MANID7_ITEM_#42',29,86.03),
        (343,7,'CATID343_MANID7_ITEM_#43',5,95.59),
        (344,7,'CATID344_MANID7_ITEM_#44',19,981.77),
        (345,7,'CATID345_MANID7_ITEM_#45',12,654.62),
        (346,7,'CATID346_MANID7_ITEM_#46',5,563.64),
        (347,7,'CATID347_MANID7_ITEM_#47',7,164.5),
        (348,7,'CATID348_MANID7_ITEM_#48',6,1.11),
        (349,7,'CATID349_MANID7_ITEM_#49',15,500.74),
        (350,7,'CATID350_MANID7_ITEM_#50',25,138.04),
        (351,8,'CATID351_MANID8_ITEM_#1',4,471.24),
        (352,8,'CATID352_MANID8_ITEM_#2',3,66.65),
        (353,8,'CATID353_MANID8_ITEM_#3',16,861.11),
        (354,8,'CATID354_MANID8_ITEM_#4',6,988.84),
        (355,8,'CATID355_MANID8_ITEM_#5',33,407.72),
        (356,8,'CATID356_MANID8_ITEM_#6',12,493.62),
        (357,8,'CATID357_MANID8_ITEM_#7',12,43.01),
        (358,8,'CATID358_MANID8_ITEM_#8',6,366.08),
        (359,8,'CATID359_MANID8_ITEM_#9',16,105.97),
        (360,8,'CATID360_MANID8_ITEM_#10',34,198.99),
        (361,8,'CATID361_MANID8_ITEM_#11',40,653.53),
        (362,8,'CATID362_MANID8_ITEM_#12',14,474.27),
        (363,8,'CATID363_MANID8_ITEM_#13',37,634.51),
        (364,8,'CATID364_MANID8_ITEM_#14',12,168.49),
        (365,8,'CATID365_MANID8_ITEM_#15',6,777.64),
        (366,8,'CATID366_MANID8_ITEM_#16',4,78.52),
        (367,8,'CATID367_MANID8_ITEM_#17',5,538.51),
        (368,8,'CATID368_MANID8_ITEM_#18',30,584.0),
        (369,8,'CATID369_MANID8_ITEM_#19',31,992.53),
        (370,8,'CATID370_MANID8_ITEM_#20',21,634.94),
        (371,8,'CATID371_MANID8_ITEM_#21',31,382.06),
        (372,8,'CATID372_MANID8_ITEM_#22',31,833.58),
        (373,8,'CATID373_MANID8_ITEM_#23',23,437.11),
        (374,8,'CATID374_MANID8_ITEM_#24',7,866.67),
        (375,8,'CATID375_MANID8_ITEM_#25',6,536.65),
        (376,8,'CATID376_MANID8_ITEM_#26',15,468.25),
        (377,8,'CATID377_MANID8_ITEM_#27',12,116.32),
        (378,8,'CATID378_MANID8_ITEM_#28',25,293.72),
        (379,8,'CATID379_MANID8_ITEM_#29',27,209.15),
        (380,8,'CATID380_MANID8_ITEM_#30',28,459.35),
        (381,8,'CATID381_MANID8_ITEM_#31',24,162.77),
        (382,8,'CATID382_MANID8_ITEM_#32',20,176.01),
        (383,8,'CATID383_MANID8_ITEM_#33',7,102.3),
        (384,8,'CATID384_MANID8_ITEM_#34',2,0.86),
        (385,8,'CATID385_MANID8_ITEM_#35',33,498.1),
        (386,8,'CATID386_MANID8_ITEM_#36',40,779.77),
        (387,8,'CATID387_MANID8_ITEM_#37',25,261.52),
        (388,8,'CATID388_MANID8_ITEM_#38',27,560.19),
        (389,8,'CATID389_MANID8_ITEM_#39',35,702.98),
        (390,8,'CATID390_MANID8_ITEM_#40',19,565.3),
        (391,8,'CATID391_MANID8_ITEM_#41',26,407.1),
        (392,8,'CATID392_MANID8_ITEM_#42',24,523.94),
        (393,8,'CATID393_MANID8_ITEM_#43',33,452.43),
        (394,8,'CATID394_MANID8_ITEM_#44',12,479.02),
        (395,8,'CATID395_MANID8_ITEM_#45',30,186.42),
        (396,8,'CATID396_MANID8_ITEM_#46',7,725.28),
        (397,8,'CATID397_MANID8_ITEM_#47',15,28.42),
        (398,8,'CATID398_MANID8_ITEM_#48',7,274.17),
        (399,8,'CATID399_MANID8_ITEM_#49',12,332.47),
        (400,8,'CATID400_MANID8_ITEM_#50',9,119.92),
        (401,9,'CATID401_MANID9_ITEM_#1',35,240.92),
        (402,9,'CATID402_MANID9_ITEM_#2',22,129.34),
        (403,9,'CATID403_MANID9_ITEM_#3',34,488.46),
        (404,9,'CATID404_MANID9_ITEM_#4',3,468.26),
        (405,9,'CATID405_MANID9_ITEM_#5',35,393.91),
        (406,9,'CATID406_MANID9_ITEM_#6',25,52.13),
        (407,9,'CATID407_MANID9_ITEM_#7',33,863.4),
        (408,9,'CATID408_MANID9_ITEM_#8',24,813.57),
        (409,9,'CATID409_MANID9_ITEM_#9',15,441.72),
        (410,9,'CATID410_MANID9_ITEM_#10',16,220.89),
        (411,9,'CATID411_MANID9_ITEM_#11',36,581.13),
        (412,9,'CATID412_MANID9_ITEM_#12',17,73.89),
        (413,9,'CATID413_MANID9_ITEM_#13',18,697.19),
        (414,9,'CATID414_MANID9_ITEM_#14',13,397.59),
        (415,9,'CATID415_MANID9_ITEM_#15',30,655.15),
        (416,9,'CATID416_MANID9_ITEM_#16',32,847.83),
        (417,9,'CATID417_MANID9_ITEM_#17',34,281.94),
        (418,9,'CATID418_MANID9_ITEM_#18',14,871.93),
        (419,9,'CATID419_MANID9_ITEM_#19',25,590.9),
        (420,9,'CATID420_MANID9_ITEM_#20',32,902.87),
        (421,9,'CATID421_MANID9_ITEM_#21',23,268.27),
        (422,9,'CATID422_MANID9_ITEM_#22',20,959.87),
        (423,9,'CATID423_MANID9_ITEM_#23',24,777.86),
        (424,9,'CATID424_MANID9_ITEM_#24',25,336.65),
        (425,9,'CATID425_MANID9_ITEM_#25',16,616.93),
        (426,9,'CATID426_MANID9_ITEM_#26',2,529.7),
        (427,9,'CATID427_MANID9_ITEM_#27',19,73.41),
        (428,9,'CATID428_MANID9_ITEM_#28',38,448.38),
        (429,9,'CATID429_MANID9_ITEM_#29',7,946.99),
        (430,9,'CATID430_MANID9_ITEM_#30',2,481.58),
        (431,9,'CATID431_MANID9_ITEM_#31',30,507.52),
        (432,9,'CATID432_MANID9_ITEM_#32',26,234.8),
        (433,9,'CATID433_MANID9_ITEM_#33',13,561.5),
        (434,9,'CATID434_MANID9_ITEM_#34',35,566.28),
        (435,9,'CATID435_MANID9_ITEM_#35',17,590.91),
        (436,9,'CATID436_MANID9_ITEM_#36',4,915.8),
        (437,9,'CATID437_MANID9_ITEM_#37',16,617.66),
        (438,9,'CATID438_MANID9_ITEM_#38',22,181.83),
        (439,9,'CATID439_MANID9_ITEM_#39',5,532.78),
        (440,9,'CATID440_MANID9_ITEM_#40',24,848.54),
        (441,9,'CATID441_MANID9_ITEM_#41',20,462.55),
        (442,9,'CATID442_MANID9_ITEM_#42',20,814.95),
        (443,9,'CATID443_MANID9_ITEM_#43',9,652.6),
        (444,9,'CATID444_MANID9_ITEM_#44',26,741.11),
        (445,9,'CATID445_MANID9_ITEM_#45',16,944.23),
        (446,9,'CATID446_MANID9_ITEM_#46',40,16.69),
        (447,9,'CATID447_MANID9_ITEM_#47',31,140.63),
        (448,9,'CATID448_MANID9_ITEM_#48',18,634.09),
        (449,9,'CATID449_MANID9_ITEM_#49',39,153.9),
        (450,9,'CATID450_MANID9_ITEM_#50',16,380.05),
        (451,10,'CATID451_MANID10_ITEM_#1',37,516.28),
        (452,10,'CATID452_MANID10_ITEM_#2',14,735.89),
        (453,10,'CATID453_MANID10_ITEM_#3',29,104.05),
        (454,10,'CATID454_MANID10_ITEM_#4',32,895.37),
        (455,10,'CATID455_MANID10_ITEM_#5',16,485.09),
        (456,10,'CATID456_MANID10_ITEM_#6',31,15.46),
        (457,10,'CATID457_MANID10_ITEM_#7',22,278.19),
        (458,10,'CATID458_MANID10_ITEM_#8',2,730.53),
        (459,10,'CATID459_MANID10_ITEM_#9',6,949.27),
        (460,10,'CATID460_MANID10_ITEM_#10',33,603.46),
        (461,10,'CATID461_MANID10_ITEM_#11',6,184.77),
        (462,10,'CATID462_MANID10_ITEM_#12',24,493.16),
        (463,10,'CATID463_MANID10_ITEM_#13',3,204.9),
        (464,10,'CATID464_MANID10_ITEM_#14',20,82.15),
        (465,10,'CATID465_MANID10_ITEM_#15',15,695.05),
        (466,10,'CATID466_MANID10_ITEM_#16',30,982.08),
        (467,10,'CATID467_MANID10_ITEM_#17',17,691.48),
        (468,10,'CATID468_MANID10_ITEM_#18',17,278.01),
        (469,10,'CATID469_MANID10_ITEM_#19',38,522.48),
        (470,10,'CATID470_MANID10_ITEM_#20',3,891.11),
        (471,10,'CATID471_MANID10_ITEM_#21',28,575.76),
        (472,10,'CATID472_MANID10_ITEM_#22',34,973.56),
        (473,10,'CATID473_MANID10_ITEM_#23',13,809.33),
        (474,10,'CATID474_MANID10_ITEM_#24',29,254.62),
        (475,10,'CATID475_MANID10_ITEM_#25',19,125.82),
        (476,10,'CATID476_MANID10_ITEM_#26',37,323.62),
        (477,10,'CATID477_MANID10_ITEM_#27',29,182.8),
        (478,10,'CATID478_MANID10_ITEM_#28',2,949.63),
        (479,10,'CATID479_MANID10_ITEM_#29',14,669.31),
        (480,10,'CATID480_MANID10_ITEM_#30',12,407.72),
        (481,10,'CATID481_MANID10_ITEM_#31',5,366.98),
        (482,10,'CATID482_MANID10_ITEM_#32',32,527.46),
        (483,10,'CATID483_MANID10_ITEM_#33',8,895.11),
        (484,10,'CATID484_MANID10_ITEM_#34',2,588.84),
        (485,10,'CATID485_MANID10_ITEM_#35',2,231.01),
        (486,10,'CATID486_MANID10_ITEM_#36',26,611.83),
        (487,10,'CATID487_MANID10_ITEM_#37',9,74.86),
        (488,10,'CATID488_MANID10_ITEM_#38',18,497.71),
        (489,10,'CATID489_MANID10_ITEM_#39',9,513.54),
        (490,10,'CATID490_MANID10_ITEM_#40',31,255.61),
        (491,10,'CATID491_MANID10_ITEM_#41',35,24.92),
        (492,10,'CATID492_MANID10_ITEM_#42',28,958.45),
        (493,10,'CATID493_MANID10_ITEM_#43',24,19.72),
        (494,10,'CATID494_MANID10_ITEM_#44',35,692.66),
        (495,10,'CATID495_MANID10_ITEM_#45',18,177.76),
        (496,10,'CATID496_MANID10_ITEM_#46',9,705.04),
        (497,10,'CATID497_MANID10_ITEM_#47',32,20.35),
        (498,10,'CATID498_MANID10_ITEM_#48',38,792.24),
        (499,10,'CATID499_MANID10_ITEM_#49',6,167.61),
        (500,10,'CATID500_MANID10_ITEM_#50',4,98.03),
        (501,11,'CATID501_MANID11_ITEM_#1',6,768.48),
        (502,11,'CATID502_MANID11_ITEM_#2',16,567.24),
        (503,11,'CATID503_MANID11_ITEM_#3',8,668.17),
        (504,11,'CATID504_MANID11_ITEM_#4',34,426.24),
        (505,11,'CATID505_MANID11_ITEM_#5',22,320.9),
        (506,11,'CATID506_MANID11_ITEM_#6',13,310.84),
        (507,11,'CATID507_MANID11_ITEM_#7',34,777.33),
        (508,11,'CATID508_MANID11_ITEM_#8',24,768.92),
        (509,11,'CATID509_MANID11_ITEM_#9',4,140.66),
        (510,11,'CATID510_MANID11_ITEM_#10',28,755.19),
        (511,11,'CATID511_MANID11_ITEM_#11',1,150.64),
        (512,11,'CATID512_MANID11_ITEM_#12',12,761.51),
        (513,11,'CATID513_MANID11_ITEM_#13',21,974.05),
        (514,11,'CATID514_MANID11_ITEM_#14',8,516.56),
        (515,11,'CATID515_MANID11_ITEM_#15',30,58.14),
        (516,11,'CATID516_MANID11_ITEM_#16',13,563.76),
        (517,11,'CATID517_MANID11_ITEM_#17',19,467.1),
        (518,11,'CATID518_MANID11_ITEM_#18',15,212.87),
        (519,11,'CATID519_MANID11_ITEM_#19',19,977.96),
        (520,11,'CATID520_MANID11_ITEM_#20',29,564.74),
        (521,11,'CATID521_MANID11_ITEM_#21',6,46.41),
        (522,11,'CATID522_MANID11_ITEM_#22',15,713.64),
        (523,11,'CATID523_MANID11_ITEM_#23',25,298.93),
        (524,11,'CATID524_MANID11_ITEM_#24',21,849.18),
        (525,11,'CATID525_MANID11_ITEM_#25',35,143.47),
        (526,11,'CATID526_MANID11_ITEM_#26',15,118.75),
        (527,11,'CATID527_MANID11_ITEM_#27',19,237.43),
        (528,11,'CATID528_MANID11_ITEM_#28',1,866.62),
        (529,11,'CATID529_MANID11_ITEM_#29',34,713.67),
        (530,11,'CATID530_MANID11_ITEM_#30',31,468.44),
        (531,11,'CATID531_MANID11_ITEM_#31',11,321.44),
        (532,11,'CATID532_MANID11_ITEM_#32',28,902.7),
        (533,11,'CATID533_MANID11_ITEM_#33',17,810.85),
        (534,11,'CATID534_MANID11_ITEM_#34',37,979.04),
        (535,11,'CATID535_MANID11_ITEM_#35',39,630.49),
        (536,11,'CATID536_MANID11_ITEM_#36',1,339.92),
        (537,11,'CATID537_MANID11_ITEM_#37',5,64.66),
        (538,11,'CATID538_MANID11_ITEM_#38',2,826.87),
        (539,11,'CATID539_MANID11_ITEM_#39',17,698.47),
        (540,11,'CATID540_MANID11_ITEM_#40',7,690.72),
        (541,11,'CATID541_MANID11_ITEM_#41',30,196.84),
        (542,11,'CATID542_MANID11_ITEM_#42',10,722.58),
        (543,11,'CATID543_MANID11_ITEM_#43',7,200.23),
        (544,11,'CATID544_MANID11_ITEM_#44',5,203.67),
        (545,11,'CATID545_MANID11_ITEM_#45',10,264.73),
        (546,11,'CATID546_MANID11_ITEM_#46',30,533.81),
        (547,11,'CATID547_MANID11_ITEM_#47',19,264.54),
        (548,11,'CATID548_MANID11_ITEM_#48',24,710.42),
        (549,11,'CATID549_MANID11_ITEM_#49',36,391.66),
        (550,11,'CATID550_MANID11_ITEM_#50',8,415.01),
        (551,12,'CATID551_MANID12_ITEM_#1',30,642.67),
        (552,12,'CATID552_MANID12_ITEM_#2',25,742.14),
        (553,12,'CATID553_MANID12_ITEM_#3',18,298.5),
        (554,12,'CATID554_MANID12_ITEM_#4',12,139.51),
        (555,12,'CATID555_MANID12_ITEM_#5',9,35.07),
        (556,12,'CATID556_MANID12_ITEM_#6',16,347.9),
        (557,12,'CATID557_MANID12_ITEM_#7',13,683.36),
        (558,12,'CATID558_MANID12_ITEM_#8',27,66.45),
        (559,12,'CATID559_MANID12_ITEM_#9',23,274.17),
        (560,12,'CATID560_MANID12_ITEM_#10',15,173.15),
        (561,12,'CATID561_MANID12_ITEM_#11',6,138.32),
        (562,12,'CATID562_MANID12_ITEM_#12',12,198.05),
        (563,12,'CATID563_MANID12_ITEM_#13',21,376.53),
        (564,12,'CATID564_MANID12_ITEM_#14',33,857.49),
        (565,12,'CATID565_MANID12_ITEM_#15',17,107.45),
        (566,12,'CATID566_MANID12_ITEM_#16',31,443.55),
        (567,12,'CATID567_MANID12_ITEM_#17',15,156.67),
        (568,12,'CATID568_MANID12_ITEM_#18',18,39.36),
        (569,12,'CATID569_MANID12_ITEM_#19',26,760.93),
        (570,12,'CATID570_MANID12_ITEM_#20',19,720.46),
        (571,12,'CATID571_MANID12_ITEM_#21',26,201.05),
        (572,12,'CATID572_MANID12_ITEM_#22',23,618.79),
        (573,12,'CATID573_MANID12_ITEM_#23',8,138.74),
        (574,12,'CATID574_MANID12_ITEM_#24',15,730.97),
        (575,12,'CATID575_MANID12_ITEM_#25',11,292.79),
        (576,12,'CATID576_MANID12_ITEM_#26',7,378.87),
        (577,12,'CATID577_MANID12_ITEM_#27',8,229.8),
        (578,12,'CATID578_MANID12_ITEM_#28',40,278.43),
        (579,12,'CATID579_MANID12_ITEM_#29',27,630.22),
        (580,12,'CATID580_MANID12_ITEM_#30',27,865.48),
        (581,12,'CATID581_MANID12_ITEM_#31',36,745.74),
        (582,12,'CATID582_MANID12_ITEM_#32',6,506.93),
        (583,12,'CATID583_MANID12_ITEM_#33',14,556.09),
        (584,12,'CATID584_MANID12_ITEM_#34',8,55.96),
        (585,12,'CATID585_MANID12_ITEM_#35',4,803.1),
        (586,12,'CATID586_MANID12_ITEM_#36',31,111.63),
        (587,12,'CATID587_MANID12_ITEM_#37',21,438.14),
        (588,12,'CATID588_MANID12_ITEM_#38',12,195.78),
        (589,12,'CATID589_MANID12_ITEM_#39',24,880.76),
        (590,12,'CATID590_MANID12_ITEM_#40',30,925.82),
        (591,12,'CATID591_MANID12_ITEM_#41',11,487.13),
        (592,12,'CATID592_MANID12_ITEM_#42',31,653.53),
        (593,12,'CATID593_MANID12_ITEM_#43',18,941.49),
        (594,12,'CATID594_MANID12_ITEM_#44',12,323.42),
        (595,12,'CATID595_MANID12_ITEM_#45',18,84.82),
        (596,12,'CATID596_MANID12_ITEM_#46',33,716.63),
        (597,12,'CATID597_MANID12_ITEM_#47',28,348.14),
        (598,12,'CATID598_MANID12_ITEM_#48',18,367.11),
        (599,12,'CATID599_MANID12_ITEM_#49',9,752.23),
        (600,12,'CATID600_MANID12_ITEM_#50',34,683.64),
        (601,13,'CATID601_MANID13_ITEM_#1',16,912.01),
        (602,13,'CATID602_MANID13_ITEM_#2',36,966.0),
        (603,13,'CATID603_MANID13_ITEM_#3',14,575.6),
        (604,13,'CATID604_MANID13_ITEM_#4',28,49.49),
        (605,13,'CATID605_MANID13_ITEM_#5',23,600.09),
        (606,13,'CATID606_MANID13_ITEM_#6',17,503.56),
        (607,13,'CATID607_MANID13_ITEM_#7',2,84.56),
        (608,13,'CATID608_MANID13_ITEM_#8',25,69.4),
        (609,13,'CATID609_MANID13_ITEM_#9',2,116.3),
        (610,13,'CATID610_MANID13_ITEM_#10',5,178.42),
        (611,13,'CATID611_MANID13_ITEM_#11',35,327.26),
        (612,13,'CATID612_MANID13_ITEM_#12',30,495.82),
        (613,13,'CATID613_MANID13_ITEM_#13',7,11.16),
        (614,13,'CATID614_MANID13_ITEM_#14',24,344.27),
        (615,13,'CATID615_MANID13_ITEM_#15',25,256.6),
        (616,13,'CATID616_MANID13_ITEM_#16',1,136.22),
        (617,13,'CATID617_MANID13_ITEM_#17',1,470.82),
        (618,13,'CATID618_MANID13_ITEM_#18',19,611.38),
        (619,13,'CATID619_MANID13_ITEM_#19',5,385.22),
        (620,13,'CATID620_MANID13_ITEM_#20',17,182.09),
        (621,13,'CATID621_MANID13_ITEM_#21',19,614.67),
        (622,13,'CATID622_MANID13_ITEM_#22',40,641.4),
        (623,13,'CATID623_MANID13_ITEM_#23',16,893.45),
        (624,13,'CATID624_MANID13_ITEM_#24',8,963.71),
        (625,13,'CATID625_MANID13_ITEM_#25',24,35.58),
        (626,13,'CATID626_MANID13_ITEM_#26',24,776.03),
        (627,13,'CATID627_MANID13_ITEM_#27',2,739.47),
        (628,13,'CATID628_MANID13_ITEM_#28',5,932.73),
        (629,13,'CATID629_MANID13_ITEM_#29',9,380.69),
        (630,13,'CATID630_MANID13_ITEM_#30',26,152.79),
        (631,13,'CATID631_MANID13_ITEM_#31',13,590.15),
        (632,13,'CATID632_MANID13_ITEM_#32',9,564.49),
        (633,13,'CATID633_MANID13_ITEM_#33',14,200.53),
        (634,13,'CATID634_MANID13_ITEM_#34',32,77.74),
        (635,13,'CATID635_MANID13_ITEM_#35',6,603.44),
        (636,13,'CATID636_MANID13_ITEM_#36',23,893.6),
        (637,13,'CATID637_MANID13_ITEM_#37',5,351.88),
        (638,13,'CATID638_MANID13_ITEM_#38',6,753.39),
        (639,13,'CATID639_MANID13_ITEM_#39',24,792.96),
        (640,13,'CATID640_MANID13_ITEM_#40',39,997.67),
        (641,13,'CATID641_MANID13_ITEM_#41',27,996.55),
        (642,13,'CATID642_MANID13_ITEM_#42',1,81.13),
        (643,13,'CATID643_MANID13_ITEM_#43',2,138.14),
        (644,13,'CATID644_MANID13_ITEM_#44',11,78.61),
        (645,13,'CATID645_MANID13_ITEM_#45',30,130.88),
        (646,13,'CATID646_MANID13_ITEM_#46',14,762.49),
        (647,13,'CATID647_MANID13_ITEM_#47',19,263.66),
        (648,13,'CATID648_MANID13_ITEM_#48',39,547.36),
        (649,13,'CATID649_MANID13_ITEM_#49',2,941.45),
        (650,13,'CATID650_MANID13_ITEM_#50',5,901.89),
        (651,14,'CATID651_MANID14_ITEM_#1',27,425.7),
        (652,14,'CATID652_MANID14_ITEM_#2',30,193.93),
        (653,14,'CATID653_MANID14_ITEM_#3',8,598.32),
        (654,14,'CATID654_MANID14_ITEM_#4',8,904.08),
        (655,14,'CATID655_MANID14_ITEM_#5',23,755.42),
        (656,14,'CATID656_MANID14_ITEM_#6',28,3.38),
        (657,14,'CATID657_MANID14_ITEM_#7',16,588.1),
        (658,14,'CATID658_MANID14_ITEM_#8',37,664.64),
        (659,14,'CATID659_MANID14_ITEM_#9',3,215.36),
        (660,14,'CATID660_MANID14_ITEM_#10',29,141.4),
        (661,14,'CATID661_MANID14_ITEM_#11',28,486.08),
        (662,14,'CATID662_MANID14_ITEM_#12',31,8.21),
        (663,14,'CATID663_MANID14_ITEM_#13',17,277.91),
        (664,14,'CATID664_MANID14_ITEM_#14',13,984.17),
        (665,14,'CATID665_MANID14_ITEM_#15',27,223.64),
        (666,14,'CATID666_MANID14_ITEM_#16',35,474.96),
        (667,14,'CATID667_MANID14_ITEM_#17',17,326.59),
        (668,14,'CATID668_MANID14_ITEM_#18',13,790.28),
        (669,14,'CATID669_MANID14_ITEM_#19',10,625.96),
        (670,14,'CATID670_MANID14_ITEM_#20',39,667.58),
        (671,14,'CATID671_MANID14_ITEM_#21',9,846.13),
        (672,14,'CATID672_MANID14_ITEM_#22',22,75.53),
        (673,14,'CATID673_MANID14_ITEM_#23',24,630.85),
        (674,14,'CATID674_MANID14_ITEM_#24',37,496.95),
        (675,14,'CATID675_MANID14_ITEM_#25',2,381.58),
        (676,14,'CATID676_MANID14_ITEM_#26',3,348.26),
        (677,14,'CATID677_MANID14_ITEM_#27',28,268.35),
        (678,14,'CATID678_MANID14_ITEM_#28',31,351.55),
        (679,14,'CATID679_MANID14_ITEM_#29',25,824.84),
        (680,14,'CATID680_MANID14_ITEM_#30',10,87.8),
        (681,14,'CATID681_MANID14_ITEM_#31',29,176.0),
        (682,14,'CATID682_MANID14_ITEM_#32',22,302.67),
        (683,14,'CATID683_MANID14_ITEM_#33',31,871.58),
        (684,14,'CATID684_MANID14_ITEM_#34',16,73.29),
        (685,14,'CATID685_MANID14_ITEM_#35',5,130.69),
        (686,14,'CATID686_MANID14_ITEM_#36',40,351.88),
        (687,14,'CATID687_MANID14_ITEM_#37',36,453.71),
        (688,14,'CATID688_MANID14_ITEM_#38',15,575.35),
        (689,14,'CATID689_MANID14_ITEM_#39',25,823.1),
        (690,14,'CATID690_MANID14_ITEM_#40',30,839.94),
        (691,14,'CATID691_MANID14_ITEM_#41',16,489.82),
        (692,14,'CATID692_MANID14_ITEM_#42',14,646.63),
        (693,14,'CATID693_MANID14_ITEM_#43',40,413.87),
        (694,14,'CATID694_MANID14_ITEM_#44',40,830.74),
        (695,14,'CATID695_MANID14_ITEM_#45',8,73.04),
        (696,14,'CATID696_MANID14_ITEM_#46',9,488.88),
        (697,14,'CATID697_MANID14_ITEM_#47',2,37.22),
        (698,14,'CATID698_MANID14_ITEM_#48',14,652.28),
        (699,14,'CATID699_MANID14_ITEM_#49',36,455.5),
        (700,14,'CATID700_MANID14_ITEM_#50',22,836.41),
        (701,15,'CATID701_MANID15_ITEM_#1',30,248.96),
        (702,15,'CATID702_MANID15_ITEM_#2',17,920.1),
        (703,15,'CATID703_MANID15_ITEM_#3',10,718.47),
        (704,15,'CATID704_MANID15_ITEM_#4',23,289.77),
        (705,15,'CATID705_MANID15_ITEM_#5',3,816.65),
        (706,15,'CATID706_MANID15_ITEM_#6',30,225.76),
        (707,15,'CATID707_MANID15_ITEM_#7',8,148.7),
        (708,15,'CATID708_MANID15_ITEM_#8',4,34.39),
        (709,15,'CATID709_MANID15_ITEM_#9',17,994.27),
        (710,15,'CATID710_MANID15_ITEM_#10',38,374.14),
        (711,15,'CATID711_MANID15_ITEM_#11',27,524.39),
        (712,15,'CATID712_MANID15_ITEM_#12',24,579.0),
        (713,15,'CATID713_MANID15_ITEM_#13',35,404.18),
        (714,15,'CATID714_MANID15_ITEM_#14',17,168.29),
        (715,15,'CATID715_MANID15_ITEM_#15',31,319.31),
        (716,15,'CATID716_MANID15_ITEM_#16',18,236.86),
        (717,15,'CATID717_MANID15_ITEM_#17',5,993.75),
        (718,15,'CATID718_MANID15_ITEM_#18',8,968.87),
        (719,15,'CATID719_MANID15_ITEM_#19',23,564.09),
        (720,15,'CATID720_MANID15_ITEM_#20',20,241.58),
        (721,15,'CATID721_MANID15_ITEM_#21',20,580.01),
        (722,15,'CATID722_MANID15_ITEM_#22',31,593.53),
        (723,15,'CATID723_MANID15_ITEM_#23',17,573.76),
        (724,15,'CATID724_MANID15_ITEM_#24',3,439.8),
        (725,15,'CATID725_MANID15_ITEM_#25',36,190.31),
        (726,15,'CATID726_MANID15_ITEM_#26',2,760.92),
        (727,15,'CATID727_MANID15_ITEM_#27',37,590.66),
        (728,15,'CATID728_MANID15_ITEM_#28',9,56.46),
        (729,15,'CATID729_MANID15_ITEM_#29',36,347.22),
        (730,15,'CATID730_MANID15_ITEM_#30',32,335.72),
        (731,15,'CATID731_MANID15_ITEM_#31',14,598.83),
        (732,15,'CATID732_MANID15_ITEM_#32',25,506.63),
        (733,15,'CATID733_MANID15_ITEM_#33',33,949.0),
        (734,15,'CATID734_MANID15_ITEM_#34',36,291.66),
        (735,15,'CATID735_MANID15_ITEM_#35',2,83.79),
        (736,15,'CATID736_MANID15_ITEM_#36',38,558.68),
        (737,15,'CATID737_MANID15_ITEM_#37',27,235.82),
        (738,15,'CATID738_MANID15_ITEM_#38',33,975.26),
        (739,15,'CATID739_MANID15_ITEM_#39',3,716.93),
        (740,15,'CATID740_MANID15_ITEM_#40',19,687.6),
        (741,15,'CATID741_MANID15_ITEM_#41',16,616.61),
        (742,15,'CATID742_MANID15_ITEM_#42',25,275.85),
        (743,15,'CATID743_MANID15_ITEM_#43',2,462.53),
        (744,15,'CATID744_MANID15_ITEM_#44',12,800.92),
        (745,15,'CATID745_MANID15_ITEM_#45',12,121.52),
        (746,15,'CATID746_MANID15_ITEM_#46',40,364.41),
        (747,15,'CATID747_MANID15_ITEM_#47',39,940.93),
        (748,15,'CATID748_MANID15_ITEM_#48',39,766.72),
        (749,15,'CATID749_MANID15_ITEM_#49',6,704.73),
        (750,15,'CATID750_MANID15_ITEM_#50',14,205.06),
        (751,16,'CATID751_MANID16_ITEM_#1',3,13.19),
        (752,16,'CATID752_MANID16_ITEM_#2',40,228.45),
        (753,16,'CATID753_MANID16_ITEM_#3',38,533.85),
        (754,16,'CATID754_MANID16_ITEM_#4',17,78.03),
        (755,16,'CATID755_MANID16_ITEM_#5',12,864.02),
        (756,16,'CATID756_MANID16_ITEM_#6',6,170.42),
        (757,16,'CATID757_MANID16_ITEM_#7',40,839.59),
        (758,16,'CATID758_MANID16_ITEM_#8',20,988.03),
        (759,16,'CATID759_MANID16_ITEM_#9',30,443.24),
        (760,16,'CATID760_MANID16_ITEM_#10',36,69.53),
        (761,16,'CATID761_MANID16_ITEM_#11',6,354.4),
        (762,16,'CATID762_MANID16_ITEM_#12',32,132.87),
        (763,16,'CATID763_MANID16_ITEM_#13',36,216.37),
        (764,16,'CATID764_MANID16_ITEM_#14',15,668.56),
        (765,16,'CATID765_MANID16_ITEM_#15',16,573.43),
        (766,16,'CATID766_MANID16_ITEM_#16',19,591.8),
        (767,16,'CATID767_MANID16_ITEM_#17',7,422.25),
        (768,16,'CATID768_MANID16_ITEM_#18',18,663.0),
        (769,16,'CATID769_MANID16_ITEM_#19',37,843.75),
        (770,16,'CATID770_MANID16_ITEM_#20',22,486.05),
        (771,16,'CATID771_MANID16_ITEM_#21',37,872.13),
        (772,16,'CATID772_MANID16_ITEM_#22',17,458.98),
        (773,16,'CATID773_MANID16_ITEM_#23',2,125.79),
        (774,16,'CATID774_MANID16_ITEM_#24',19,451.7),
        (775,16,'CATID775_MANID16_ITEM_#25',22,448.67),
        (776,16,'CATID776_MANID16_ITEM_#26',12,448.53),
        (777,16,'CATID777_MANID16_ITEM_#27',12,407.32),
        (778,16,'CATID778_MANID16_ITEM_#28',9,525.8),
        (779,16,'CATID779_MANID16_ITEM_#29',35,260.91),
        (780,16,'CATID780_MANID16_ITEM_#30',27,14.36),
        (781,16,'CATID781_MANID16_ITEM_#31',2,424.35),
        (782,16,'CATID782_MANID16_ITEM_#32',34,255.74),
        (783,16,'CATID783_MANID16_ITEM_#33',39,604.96),
        (784,16,'CATID784_MANID16_ITEM_#34',4,37.55),
        (785,16,'CATID785_MANID16_ITEM_#35',15,897.54),
        (786,16,'CATID786_MANID16_ITEM_#36',40,567.56),
        (787,16,'CATID787_MANID16_ITEM_#37',36,968.48),
        (788,16,'CATID788_MANID16_ITEM_#38',11,365.42),
        (789,16,'CATID789_MANID16_ITEM_#39',28,886.82),
        (790,16,'CATID790_MANID16_ITEM_#40',27,641.47),
        (791,16,'CATID791_MANID16_ITEM_#41',24,887.32),
        (792,16,'CATID792_MANID16_ITEM_#42',26,882.93),
        (793,16,'CATID793_MANID16_ITEM_#43',3,452.75),
        (794,16,'CATID794_MANID16_ITEM_#44',23,311.27),
        (795,16,'CATID795_MANID16_ITEM_#45',8,588.99),
        (796,16,'CATID796_MANID16_ITEM_#46',31,552.58),
        (797,16,'CATID797_MANID16_ITEM_#47',28,780.05),
        (798,16,'CATID798_MANID16_ITEM_#48',10,908.16),
        (799,16,'CATID799_MANID16_ITEM_#49',29,723.74),
        (800,16,'CATID800_MANID16_ITEM_#50',19,99.3),
        (801,17,'CATID801_MANID17_ITEM_#1',38,425.3),
        (802,17,'CATID802_MANID17_ITEM_#2',18,182.98),
        (803,17,'CATID803_MANID17_ITEM_#3',28,404.63),
        (804,17,'CATID804_MANID17_ITEM_#4',32,689.38),
        (805,17,'CATID805_MANID17_ITEM_#5',26,759.04),
        (806,17,'CATID806_MANID17_ITEM_#6',27,779.11),
        (807,17,'CATID807_MANID17_ITEM_#7',2,312.42),
        (808,17,'CATID808_MANID17_ITEM_#8',35,830.66),
        (809,17,'CATID809_MANID17_ITEM_#9',10,727.61),
        (810,17,'CATID810_MANID17_ITEM_#10',25,657.2),
        (811,17,'CATID811_MANID17_ITEM_#11',14,572.02),
        (812,17,'CATID812_MANID17_ITEM_#12',33,835.42),
        (813,17,'CATID813_MANID17_ITEM_#13',33,94.39),
        (814,17,'CATID814_MANID17_ITEM_#14',22,592.5),
        (815,17,'CATID815_MANID17_ITEM_#15',30,674.89),
        (816,17,'CATID816_MANID17_ITEM_#16',24,980.84),
        (817,17,'CATID817_MANID17_ITEM_#17',19,137.14),
        (818,17,'CATID818_MANID17_ITEM_#18',25,143.49),
        (819,17,'CATID819_MANID17_ITEM_#19',36,738.99),
        (820,17,'CATID820_MANID17_ITEM_#20',1,622.04),
        (821,17,'CATID821_MANID17_ITEM_#21',26,77.55),
        (822,17,'CATID822_MANID17_ITEM_#22',38,622.15),
        (823,17,'CATID823_MANID17_ITEM_#23',39,782.01),
        (824,17,'CATID824_MANID17_ITEM_#24',33,444.45),
        (825,17,'CATID825_MANID17_ITEM_#25',32,987.75),
        (826,17,'CATID826_MANID17_ITEM_#26',25,175.27),
        (827,17,'CATID827_MANID17_ITEM_#27',15,510.0),
        (828,17,'CATID828_MANID17_ITEM_#28',23,432.58),
        (829,17,'CATID829_MANID17_ITEM_#29',33,428.26),
        (830,17,'CATID830_MANID17_ITEM_#30',23,427.85),
        (831,17,'CATID831_MANID17_ITEM_#31',1,259.97),
        (832,17,'CATID832_MANID17_ITEM_#32',31,747.19),
        (833,17,'CATID833_MANID17_ITEM_#33',34,868.24),
        (834,17,'CATID834_MANID17_ITEM_#34',24,615.1),
        (835,17,'CATID835_MANID17_ITEM_#35',33,279.72),
        (836,17,'CATID836_MANID17_ITEM_#36',27,950.9),
        (837,17,'CATID837_MANID17_ITEM_#37',34,88.65),
        (838,17,'CATID838_MANID17_ITEM_#38',18,606.63),
        (839,17,'CATID839_MANID17_ITEM_#39',15,17.29),
        (840,17,'CATID840_MANID17_ITEM_#40',35,634.35),
        (841,17,'CATID841_MANID17_ITEM_#41',32,754.38),
        (842,17,'CATID842_MANID17_ITEM_#42',4,424.04),
        (843,17,'CATID843_MANID17_ITEM_#43',26,989.32),
        (844,17,'CATID844_MANID17_ITEM_#44',35,292.35),
        (845,17,'CATID845_MANID17_ITEM_#45',1,965.94),
        (846,17,'CATID846_MANID17_ITEM_#46',18,796.47),
        (847,17,'CATID847_MANID17_ITEM_#47',2,220.97),
        (848,17,'CATID848_MANID17_ITEM_#48',19,110.09),
        (849,17,'CATID849_MANID17_ITEM_#49',1,265.64),
        (850,17,'CATID850_MANID17_ITEM_#50',29,38.37),
        (851,18,'CATID851_MANID18_ITEM_#1',29,657.25),
        (852,18,'CATID852_MANID18_ITEM_#2',8,349.78),
        (853,18,'CATID853_MANID18_ITEM_#3',19,448.6),
        (854,18,'CATID854_MANID18_ITEM_#4',27,492.53),
        (855,18,'CATID855_MANID18_ITEM_#5',13,55.68),
        (856,18,'CATID856_MANID18_ITEM_#6',6,50.11),
        (857,18,'CATID857_MANID18_ITEM_#7',40,622.61),
        (858,18,'CATID858_MANID18_ITEM_#8',29,136.31),
        (859,18,'CATID859_MANID18_ITEM_#9',3,949.73),
        (860,18,'CATID860_MANID18_ITEM_#10',3,307.86),
        (861,18,'CATID861_MANID18_ITEM_#11',37,268.59),
        (862,18,'CATID862_MANID18_ITEM_#12',28,625.35),
        (863,18,'CATID863_MANID18_ITEM_#13',25,239.08),
        (864,18,'CATID864_MANID18_ITEM_#14',33,213.34),
        (865,18,'CATID865_MANID18_ITEM_#15',15,420.27),
        (866,18,'CATID866_MANID18_ITEM_#16',40,237.93),
        (867,18,'CATID867_MANID18_ITEM_#17',16,493.29),
        (868,18,'CATID868_MANID18_ITEM_#18',35,909.92),
        (869,18,'CATID869_MANID18_ITEM_#19',34,212.67),
        (870,18,'CATID870_MANID18_ITEM_#20',29,6.35),
        (871,18,'CATID871_MANID18_ITEM_#21',8,247.98),
        (872,18,'CATID872_MANID18_ITEM_#22',17,603.82),
        (873,18,'CATID873_MANID18_ITEM_#23',17,387.72),
        (874,18,'CATID874_MANID18_ITEM_#24',11,794.97),
        (875,18,'CATID875_MANID18_ITEM_#25',9,791.93),
        (876,18,'CATID876_MANID18_ITEM_#26',25,16.05),
        (877,18,'CATID877_MANID18_ITEM_#27',9,40.1),
        (878,18,'CATID878_MANID18_ITEM_#28',8,614.68),
        (879,18,'CATID879_MANID18_ITEM_#29',7,670.34),
        (880,18,'CATID880_MANID18_ITEM_#30',2,500.05),
        (881,18,'CATID881_MANID18_ITEM_#31',25,971.95),
        (882,18,'CATID882_MANID18_ITEM_#32',40,38.7),
        (883,18,'CATID883_MANID18_ITEM_#33',34,29.63),
        (884,18,'CATID884_MANID18_ITEM_#34',27,431.81),
        (885,18,'CATID885_MANID18_ITEM_#35',26,226.53),
        (886,18,'CATID886_MANID18_ITEM_#36',13,88.42),
        (887,18,'CATID887_MANID18_ITEM_#37',20,338.08),
        (888,18,'CATID888_MANID18_ITEM_#38',11,347.02),
        (889,18,'CATID889_MANID18_ITEM_#39',23,353.29),
        (890,18,'CATID890_MANID18_ITEM_#40',36,719.12),
        (891,18,'CATID891_MANID18_ITEM_#41',13,484.67),
        (892,18,'CATID892_MANID18_ITEM_#42',10,396.21),
        (893,18,'CATID893_MANID18_ITEM_#43',40,273.11),
        (894,18,'CATID894_MANID18_ITEM_#44',32,604.65),
        (895,18,'CATID895_MANID18_ITEM_#45',21,24.02),
        (896,18,'CATID896_MANID18_ITEM_#46',20,583.37),
        (897,18,'CATID897_MANID18_ITEM_#47',34,532.74),
        (898,18,'CATID898_MANID18_ITEM_#48',17,225.31),
        (899,18,'CATID899_MANID18_ITEM_#49',21,411.8),
        (900,18,'CATID900_MANID18_ITEM_#50',36,430.41),
        (901,19,'CATID901_MANID19_ITEM_#1',25,202.7),
        (902,19,'CATID902_MANID19_ITEM_#2',40,897.94),
        (903,19,'CATID903_MANID19_ITEM_#3',34,89.19),
        (904,19,'CATID904_MANID19_ITEM_#4',3,252.54),
        (905,19,'CATID905_MANID19_ITEM_#5',26,50.26),
        (906,19,'CATID906_MANID19_ITEM_#6',36,720.52),
        (907,19,'CATID907_MANID19_ITEM_#7',9,132.23),
        (908,19,'CATID908_MANID19_ITEM_#8',39,831.9),
        (909,19,'CATID909_MANID19_ITEM_#9',25,151.91),
        (910,19,'CATID910_MANID19_ITEM_#10',38,141.47),
        (911,19,'CATID911_MANID19_ITEM_#11',2,218.86),
        (912,19,'CATID912_MANID19_ITEM_#12',13,374.26),
        (913,19,'CATID913_MANID19_ITEM_#13',14,549.42),
        (914,19,'CATID914_MANID19_ITEM_#14',18,495.04),
        (915,19,'CATID915_MANID19_ITEM_#15',23,609.27),
        (916,19,'CATID916_MANID19_ITEM_#16',38,377.24),
        (917,19,'CATID917_MANID19_ITEM_#17',22,685.03),
        (918,19,'CATID918_MANID19_ITEM_#18',14,362.9),
        (919,19,'CATID919_MANID19_ITEM_#19',30,596.21),
        (920,19,'CATID920_MANID19_ITEM_#20',7,726.32),
        (921,19,'CATID921_MANID19_ITEM_#21',32,51.07),
        (922,19,'CATID922_MANID19_ITEM_#22',32,339.66),
        (923,19,'CATID923_MANID19_ITEM_#23',28,410.92),
        (924,19,'CATID924_MANID19_ITEM_#24',15,409.11),
        (925,19,'CATID925_MANID19_ITEM_#25',34,515.75),
        (926,19,'CATID926_MANID19_ITEM_#26',15,433.59),
        (927,19,'CATID927_MANID19_ITEM_#27',34,803.24),
        (928,19,'CATID928_MANID19_ITEM_#28',20,141.36),
        (929,19,'CATID929_MANID19_ITEM_#29',16,465.2),
        (930,19,'CATID930_MANID19_ITEM_#30',18,100.5),
        (931,19,'CATID931_MANID19_ITEM_#31',23,194.12),
        (932,19,'CATID932_MANID19_ITEM_#32',11,353.78),
        (933,19,'CATID933_MANID19_ITEM_#33',21,935.2),
        (934,19,'CATID934_MANID19_ITEM_#34',26,585.45),
        (935,19,'CATID935_MANID19_ITEM_#35',33,215.69),
        (936,19,'CATID936_MANID19_ITEM_#36',11,342.3),
        (937,19,'CATID937_MANID19_ITEM_#37',9,935.77),
        (938,19,'CATID938_MANID19_ITEM_#38',22,155.1),
        (939,19,'CATID939_MANID19_ITEM_#39',31,827.72),
        (940,19,'CATID940_MANID19_ITEM_#40',27,898.71),
        (941,19,'CATID941_MANID19_ITEM_#41',20,353.12),
        (942,19,'CATID942_MANID19_ITEM_#42',11,727.24),
        (943,19,'CATID943_MANID19_ITEM_#43',35,146.18),
        (944,19,'CATID944_MANID19_ITEM_#44',28,31.35),
        (945,19,'CATID945_MANID19_ITEM_#45',36,216.04),
        (946,19,'CATID946_MANID19_ITEM_#46',3,932.52),
        (947,19,'CATID947_MANID19_ITEM_#47',10,323.57),
        (948,19,'CATID948_MANID19_ITEM_#48',23,712.43),
        (949,19,'CATID949_MANID19_ITEM_#49',33,934.86),
        (950,19,'CATID950_MANID19_ITEM_#50',39,320.56),
        (951,20,'CATID951_MANID20_ITEM_#1',39,950.54),
        (952,20,'CATID952_MANID20_ITEM_#2',11,523.24),
        (953,20,'CATID953_MANID20_ITEM_#3',30,281.03),
        (954,20,'CATID954_MANID20_ITEM_#4',2,778.41),
        (955,20,'CATID955_MANID20_ITEM_#5',31,950.2),
        (956,20,'CATID956_MANID20_ITEM_#6',40,817.01),
        (957,20,'CATID957_MANID20_ITEM_#7',12,874.42),
        (958,20,'CATID958_MANID20_ITEM_#8',5,851.23),
        (959,20,'CATID959_MANID20_ITEM_#9',4,752.41),
        (960,20,'CATID960_MANID20_ITEM_#10',13,4.12),
        (961,20,'CATID961_MANID20_ITEM_#11',25,518.35),
        (962,20,'CATID962_MANID20_ITEM_#12',36,178.04),
        (963,20,'CATID963_MANID20_ITEM_#13',9,792.37),
        (964,20,'CATID964_MANID20_ITEM_#14',19,57.98),
        (965,20,'CATID965_MANID20_ITEM_#15',17,483.02),
        (966,20,'CATID966_MANID20_ITEM_#16',13,204.12),
        (967,20,'CATID967_MANID20_ITEM_#17',33,293.07),
        (968,20,'CATID968_MANID20_ITEM_#18',8,228.48),
        (969,20,'CATID969_MANID20_ITEM_#19',8,932.96),
        (970,20,'CATID970_MANID20_ITEM_#20',7,862.24),
        (971,20,'CATID971_MANID20_ITEM_#21',36,899.53),
        (972,20,'CATID972_MANID20_ITEM_#22',9,881.29),
        (973,20,'CATID973_MANID20_ITEM_#23',40,176.78),
        (974,20,'CATID974_MANID20_ITEM_#24',38,170.34),
        (975,20,'CATID975_MANID20_ITEM_#25',8,827.1),
        (976,20,'CATID976_MANID20_ITEM_#26',29,918.12),
        (977,20,'CATID977_MANID20_ITEM_#27',30,514.64),
        (978,20,'CATID978_MANID20_ITEM_#28',6,375.0),
        (979,20,'CATID979_MANID20_ITEM_#29',15,720.55),
        (980,20,'CATID980_MANID20_ITEM_#30',32,89.64),
        (981,20,'CATID981_MANID20_ITEM_#31',8,117.21),
        (982,20,'CATID982_MANID20_ITEM_#32',2,516.69),
        (983,20,'CATID983_MANID20_ITEM_#33',18,275.09),
        (984,20,'CATID984_MANID20_ITEM_#34',27,619.0),
        (985,20,'CATID985_MANID20_ITEM_#35',20,809.54),
        (986,20,'CATID986_MANID20_ITEM_#36',8,438.75),
        (987,20,'CATID987_MANID20_ITEM_#37',15,854.51),
        (988,20,'CATID988_MANID20_ITEM_#38',12,634.58),
        (989,20,'CATID989_MANID20_ITEM_#39',5,388.7),
        (990,20,'CATID990_MANID20_ITEM_#40',32,376.5),
        (991,20,'CATID991_MANID20_ITEM_#41',32,896.71),
        (992,20,'CATID992_MANID20_ITEM_#42',16,140.3),
        (993,20,'CATID993_MANID20_ITEM_#43',31,201.12),
        (994,20,'CATID994_MANID20_ITEM_#44',25,215.38),
        (995,20,'CATID995_MANID20_ITEM_#45',1,310.13),
        (996,20,'CATID996_MANID20_ITEM_#46',39,791.1),
        (997,20,'CATID997_MANID20_ITEM_#47',35,435.38),
        (998,20,'CATID998_MANID20_ITEM_#48',18,575.68),
        (999,20,'CATID999_MANID20_ITEM_#49',13,380.67),
        (1000,20,'CATID1000_MANID20_ITEM_#50',27,721.05),
        (1001,21,'CATID1001_MANID21_ITEM_#1',29,920.46),
        (1002,21,'CATID1002_MANID21_ITEM_#2',14,609.0),
        (1003,21,'CATID1003_MANID21_ITEM_#3',39,705.68),
        (1004,21,'CATID1004_MANID21_ITEM_#4',18,651.4),
        (1005,21,'CATID1005_MANID21_ITEM_#5',6,226.53),
        (1006,21,'CATID1006_MANID21_ITEM_#6',2,940.33),
        (1007,21,'CATID1007_MANID21_ITEM_#7',14,821.62),
        (1008,21,'CATID1008_MANID21_ITEM_#8',17,319.68),
        (1009,21,'CATID1009_MANID21_ITEM_#9',36,487.01),
        (1010,21,'CATID1010_MANID21_ITEM_#10',40,969.76),
        (1011,21,'CATID1011_MANID21_ITEM_#11',23,729.13),
        (1012,21,'CATID1012_MANID21_ITEM_#12',10,264.72),
        (1013,21,'CATID1013_MANID21_ITEM_#13',32,732.17),
        (1014,21,'CATID1014_MANID21_ITEM_#14',27,890.44),
        (1015,21,'CATID1015_MANID21_ITEM_#15',9,63.4),
        (1016,21,'CATID1016_MANID21_ITEM_#16',35,697.86),
        (1017,21,'CATID1017_MANID21_ITEM_#17',2,612.83),
        (1018,21,'CATID1018_MANID21_ITEM_#18',23,204.67),
        (1019,21,'CATID1019_MANID21_ITEM_#19',35,26.04),
        (1020,21,'CATID1020_MANID21_ITEM_#20',1,484.38),
        (1021,21,'CATID1021_MANID21_ITEM_#21',30,522.6),
        (1022,21,'CATID1022_MANID21_ITEM_#22',8,888.46),
        (1023,21,'CATID1023_MANID21_ITEM_#23',28,81.1),
        (1024,21,'CATID1024_MANID21_ITEM_#24',37,63.01),
        (1025,21,'CATID1025_MANID21_ITEM_#25',2,991.89),
        (1026,21,'CATID1026_MANID21_ITEM_#26',33,667.92),
        (1027,21,'CATID1027_MANID21_ITEM_#27',18,112.66),
        (1028,21,'CATID1028_MANID21_ITEM_#28',14,151.81),
        (1029,21,'CATID1029_MANID21_ITEM_#29',21,185.1),
        (1030,21,'CATID1030_MANID21_ITEM_#30',36,479.79),
        (1031,21,'CATID1031_MANID21_ITEM_#31',38,200.55),
        (1032,21,'CATID1032_MANID21_ITEM_#32',27,42.5),
        (1033,21,'CATID1033_MANID21_ITEM_#33',8,761.38),
        (1034,21,'CATID1034_MANID21_ITEM_#34',19,197.59),
        (1035,21,'CATID1035_MANID21_ITEM_#35',37,980.6),
        (1036,21,'CATID1036_MANID21_ITEM_#36',23,718.05),
        (1037,21,'CATID1037_MANID21_ITEM_#37',12,961.11),
        (1038,21,'CATID1038_MANID21_ITEM_#38',29,822.87),
        (1039,21,'CATID1039_MANID21_ITEM_#39',17,791.78),
        (1040,21,'CATID1040_MANID21_ITEM_#40',17,964.03),
        (1041,21,'CATID1041_MANID21_ITEM_#41',38,277.75),
        (1042,21,'CATID1042_MANID21_ITEM_#42',7,561.17),
        (1043,21,'CATID1043_MANID21_ITEM_#43',22,215.97),
        (1044,21,'CATID1044_MANID21_ITEM_#44',6,572.99),
        (1045,21,'CATID1045_MANID21_ITEM_#45',28,910.88),
        (1046,21,'CATID1046_MANID21_ITEM_#46',35,712.74),
        (1047,21,'CATID1047_MANID21_ITEM_#47',9,633.42),
        (1048,21,'CATID1048_MANID21_ITEM_#48',15,489.8),
        (1049,21,'CATID1049_MANID21_ITEM_#49',31,138.13),
        (1050,21,'CATID1050_MANID21_ITEM_#50',26,761.65),
        (1051,22,'CATID1051_MANID22_ITEM_#1',36,535.83),
        (1052,22,'CATID1052_MANID22_ITEM_#2',17,866.33),
        (1053,22,'CATID1053_MANID22_ITEM_#3',37,83.73),
        (1054,22,'CATID1054_MANID22_ITEM_#4',6,374.46),
        (1055,22,'CATID1055_MANID22_ITEM_#5',13,103.78),
        (1056,22,'CATID1056_MANID22_ITEM_#6',8,584.77),
        (1057,22,'CATID1057_MANID22_ITEM_#7',3,446.21),
        (1058,22,'CATID1058_MANID22_ITEM_#8',12,596.68),
        (1059,22,'CATID1059_MANID22_ITEM_#9',2,637.07),
        (1060,22,'CATID1060_MANID22_ITEM_#10',25,379.91),
        (1061,22,'CATID1061_MANID22_ITEM_#11',31,515.96),
        (1062,22,'CATID1062_MANID22_ITEM_#12',26,624.46),
        (1063,22,'CATID1063_MANID22_ITEM_#13',10,918.62),
        (1064,22,'CATID1064_MANID22_ITEM_#14',17,225.96),
        (1065,22,'CATID1065_MANID22_ITEM_#15',30,817.93),
        (1066,22,'CATID1066_MANID22_ITEM_#16',30,740.31),
        (1067,22,'CATID1067_MANID22_ITEM_#17',39,819.7),
        (1068,22,'CATID1068_MANID22_ITEM_#18',22,681.18),
        (1069,22,'CATID1069_MANID22_ITEM_#19',38,596.33),
        (1070,22,'CATID1070_MANID22_ITEM_#20',34,980.86),
        (1071,22,'CATID1071_MANID22_ITEM_#21',40,445.32),
        (1072,22,'CATID1072_MANID22_ITEM_#22',19,492.61),
        (1073,22,'CATID1073_MANID22_ITEM_#23',15,898.73),
        (1074,22,'CATID1074_MANID22_ITEM_#24',16,989.03),
        (1075,22,'CATID1075_MANID22_ITEM_#25',21,815.92),
        (1076,22,'CATID1076_MANID22_ITEM_#26',2,957.1),
        (1077,22,'CATID1077_MANID22_ITEM_#27',7,51.3),
        (1078,22,'CATID1078_MANID22_ITEM_#28',22,931.53),
        (1079,22,'CATID1079_MANID22_ITEM_#29',20,241.75),
        (1080,22,'CATID1080_MANID22_ITEM_#30',22,101.43),
        (1081,22,'CATID1081_MANID22_ITEM_#31',37,349.32),
        (1082,22,'CATID1082_MANID22_ITEM_#32',6,403.76),
        (1083,22,'CATID1083_MANID22_ITEM_#33',13,167.39),
        (1084,22,'CATID1084_MANID22_ITEM_#34',39,211.41),
        (1085,22,'CATID1085_MANID22_ITEM_#35',33,23.32),
        (1086,22,'CATID1086_MANID22_ITEM_#36',36,378.77),
        (1087,22,'CATID1087_MANID22_ITEM_#37',40,960.45),
        (1088,22,'CATID1088_MANID22_ITEM_#38',16,390.37),
        (1089,22,'CATID1089_MANID22_ITEM_#39',3,614.85),
        (1090,22,'CATID1090_MANID22_ITEM_#40',5,190.64),
        (1091,22,'CATID1091_MANID22_ITEM_#41',20,674.56),
        (1092,22,'CATID1092_MANID22_ITEM_#42',34,883.89),
        (1093,22,'CATID1093_MANID22_ITEM_#43',10,709.83),
        (1094,22,'CATID1094_MANID22_ITEM_#44',40,215.96),
        (1095,22,'CATID1095_MANID22_ITEM_#45',1,194.0),
        (1096,22,'CATID1096_MANID22_ITEM_#46',27,299.35),
        (1097,22,'CATID1097_MANID22_ITEM_#47',1,288.55),
        (1098,22,'CATID1098_MANID22_ITEM_#48',33,777.35),
        (1099,22,'CATID1099_MANID22_ITEM_#49',30,706.22),
        (1100,22,'CATID1100_MANID22_ITEM_#50',17,811.21),
        (1101,23,'CATID1101_MANID23_ITEM_#1',40,777.72),
        (1102,23,'CATID1102_MANID23_ITEM_#2',36,513.16),
        (1103,23,'CATID1103_MANID23_ITEM_#3',23,908.05),
        (1104,23,'CATID1104_MANID23_ITEM_#4',37,807.9),
        (1105,23,'CATID1105_MANID23_ITEM_#5',5,120.94),
        (1106,23,'CATID1106_MANID23_ITEM_#6',35,91.94),
        (1107,23,'CATID1107_MANID23_ITEM_#7',37,201.09),
        (1108,23,'CATID1108_MANID23_ITEM_#8',11,593.29),
        (1109,23,'CATID1109_MANID23_ITEM_#9',31,52.56),
        (1110,23,'CATID1110_MANID23_ITEM_#10',30,825.1),
        (1111,23,'CATID1111_MANID23_ITEM_#11',6,746.25),
        (1112,23,'CATID1112_MANID23_ITEM_#12',40,549.44),
        (1113,23,'CATID1113_MANID23_ITEM_#13',31,914.42),
        (1114,23,'CATID1114_MANID23_ITEM_#14',32,539.24),
        (1115,23,'CATID1115_MANID23_ITEM_#15',18,606.73),
        (1116,23,'CATID1116_MANID23_ITEM_#16',25,865.94),
        (1117,23,'CATID1117_MANID23_ITEM_#17',36,458.37),
        (1118,23,'CATID1118_MANID23_ITEM_#18',6,484.04),
        (1119,23,'CATID1119_MANID23_ITEM_#19',30,63.94),
        (1120,23,'CATID1120_MANID23_ITEM_#20',16,392.32),
        (1121,23,'CATID1121_MANID23_ITEM_#21',5,342.57),
        (1122,23,'CATID1122_MANID23_ITEM_#22',34,269.87),
        (1123,23,'CATID1123_MANID23_ITEM_#23',25,702.87),
        (1124,23,'CATID1124_MANID23_ITEM_#24',33,735.96),
        (1125,23,'CATID1125_MANID23_ITEM_#25',25,330.71),
        (1126,23,'CATID1126_MANID23_ITEM_#26',1,939.48),
        (1127,23,'CATID1127_MANID23_ITEM_#27',38,617.3),
        (1128,23,'CATID1128_MANID23_ITEM_#28',18,558.43),
        (1129,23,'CATID1129_MANID23_ITEM_#29',28,951.98),
        (1130,23,'CATID1130_MANID23_ITEM_#30',34,359.12),
        (1131,23,'CATID1131_MANID23_ITEM_#31',30,902.2),
        (1132,23,'CATID1132_MANID23_ITEM_#32',32,998.15),
        (1133,23,'CATID1133_MANID23_ITEM_#33',32,679.49),
        (1134,23,'CATID1134_MANID23_ITEM_#34',22,264.17),
        (1135,23,'CATID1135_MANID23_ITEM_#35',8,632.71),
        (1136,23,'CATID1136_MANID23_ITEM_#36',34,829.53),
        (1137,23,'CATID1137_MANID23_ITEM_#37',15,766.1),
        (1138,23,'CATID1138_MANID23_ITEM_#38',17,910.47),
        (1139,23,'CATID1139_MANID23_ITEM_#39',12,103.19),
        (1140,23,'CATID1140_MANID23_ITEM_#40',4,263.74),
        (1141,23,'CATID1141_MANID23_ITEM_#41',25,279.06),
        (1142,23,'CATID1142_MANID23_ITEM_#42',11,15.93),
        (1143,23,'CATID1143_MANID23_ITEM_#43',21,842.82),
        (1144,23,'CATID1144_MANID23_ITEM_#44',11,680.47),
        (1145,23,'CATID1145_MANID23_ITEM_#45',37,672.19),
        (1146,23,'CATID1146_MANID23_ITEM_#46',33,422.61),
        (1147,23,'CATID1147_MANID23_ITEM_#47',27,629.25),
        (1148,23,'CATID1148_MANID23_ITEM_#48',1,325.43),
        (1149,23,'CATID1149_MANID23_ITEM_#49',24,431.45),
        (1150,23,'CATID1150_MANID23_ITEM_#50',29,785.66),
        (1151,24,'CATID1151_MANID24_ITEM_#1',39,406.81),
        (1152,24,'CATID1152_MANID24_ITEM_#2',6,127.66),
        (1153,24,'CATID1153_MANID24_ITEM_#3',23,315.34),
        (1154,24,'CATID1154_MANID24_ITEM_#4',16,605.25),
        (1155,24,'CATID1155_MANID24_ITEM_#5',6,544.87),
        (1156,24,'CATID1156_MANID24_ITEM_#6',4,451.71),
        (1157,24,'CATID1157_MANID24_ITEM_#7',33,534.96),
        (1158,24,'CATID1158_MANID24_ITEM_#8',18,632.93),
        (1159,24,'CATID1159_MANID24_ITEM_#9',2,447.54),
        (1160,24,'CATID1160_MANID24_ITEM_#10',40,90.31),
        (1161,24,'CATID1161_MANID24_ITEM_#11',4,855.73),
        (1162,24,'CATID1162_MANID24_ITEM_#12',4,670.1),
        (1163,24,'CATID1163_MANID24_ITEM_#13',39,15.6),
        (1164,24,'CATID1164_MANID24_ITEM_#14',6,831.62),
        (1165,24,'CATID1165_MANID24_ITEM_#15',4,519.32),
        (1166,24,'CATID1166_MANID24_ITEM_#16',33,912.48),
        (1167,24,'CATID1167_MANID24_ITEM_#17',31,576.91),
        (1168,24,'CATID1168_MANID24_ITEM_#18',34,768.37),
        (1169,24,'CATID1169_MANID24_ITEM_#19',38,61.69),
        (1170,24,'CATID1170_MANID24_ITEM_#20',33,33.72),
        (1171,24,'CATID1171_MANID24_ITEM_#21',32,848.88),
        (1172,24,'CATID1172_MANID24_ITEM_#22',12,501.11),
        (1173,24,'CATID1173_MANID24_ITEM_#23',13,176.56),
        (1174,24,'CATID1174_MANID24_ITEM_#24',15,884.3),
        (1175,24,'CATID1175_MANID24_ITEM_#25',18,36.25),
        (1176,24,'CATID1176_MANID24_ITEM_#26',30,822.16),
        (1177,24,'CATID1177_MANID24_ITEM_#27',9,95.73),
        (1178,24,'CATID1178_MANID24_ITEM_#28',31,896.75),
        (1179,24,'CATID1179_MANID24_ITEM_#29',5,131.34),
        (1180,24,'CATID1180_MANID24_ITEM_#30',32,770.24),
        (1181,24,'CATID1181_MANID24_ITEM_#31',19,218.55),
        (1182,24,'CATID1182_MANID24_ITEM_#32',12,442.45),
        (1183,24,'CATID1183_MANID24_ITEM_#33',36,759.42),
        (1184,24,'CATID1184_MANID24_ITEM_#34',20,655.98),
        (1185,24,'CATID1185_MANID24_ITEM_#35',16,558.35),
        (1186,24,'CATID1186_MANID24_ITEM_#36',16,605.96),
        (1187,24,'CATID1187_MANID24_ITEM_#37',10,557.65),
        (1188,24,'CATID1188_MANID24_ITEM_#38',30,562.09),
        (1189,24,'CATID1189_MANID24_ITEM_#39',9,536.51),
        (1190,24,'CATID1190_MANID24_ITEM_#40',6,832.67),
        (1191,24,'CATID1191_MANID24_ITEM_#41',25,834.64),
        (1192,24,'CATID1192_MANID24_ITEM_#42',25,742.38),
        (1193,24,'CATID1193_MANID24_ITEM_#43',26,562.8),
        (1194,24,'CATID1194_MANID24_ITEM_#44',5,57.81),
        (1195,24,'CATID1195_MANID24_ITEM_#45',5,162.88),
        (1196,24,'CATID1196_MANID24_ITEM_#46',38,386.75),
        (1197,24,'CATID1197_MANID24_ITEM_#47',10,67.74),
        (1198,24,'CATID1198_MANID24_ITEM_#48',18,282.99),
        (1199,24,'CATID1199_MANID24_ITEM_#49',19,106.31),
        (1200,24,'CATID1200_MANID24_ITEM_#50',12,447.3),
        (1201,25,'CATID1201_MANID25_ITEM_#1',5,321.42),
        (1202,25,'CATID1202_MANID25_ITEM_#2',39,70.85),
        (1203,25,'CATID1203_MANID25_ITEM_#3',35,365.07),
        (1204,25,'CATID1204_MANID25_ITEM_#4',14,875.75),
        (1205,25,'CATID1205_MANID25_ITEM_#5',23,860.24),
        (1206,25,'CATID1206_MANID25_ITEM_#6',9,10.93),
        (1207,25,'CATID1207_MANID25_ITEM_#7',27,521.75),
        (1208,25,'CATID1208_MANID25_ITEM_#8',1,66.19),
        (1209,25,'CATID1209_MANID25_ITEM_#9',15,891.94),
        (1210,25,'CATID1210_MANID25_ITEM_#10',30,39.98),
        (1211,25,'CATID1211_MANID25_ITEM_#11',15,1.27),
        (1212,25,'CATID1212_MANID25_ITEM_#12',23,4.59),
        (1213,25,'CATID1213_MANID25_ITEM_#13',30,626.77),
        (1214,25,'CATID1214_MANID25_ITEM_#14',17,954.97),
        (1215,25,'CATID1215_MANID25_ITEM_#15',15,810.83),
        (1216,25,'CATID1216_MANID25_ITEM_#16',23,587.89),
        (1217,25,'CATID1217_MANID25_ITEM_#17',3,363.94),
        (1218,25,'CATID1218_MANID25_ITEM_#18',23,817.08),
        (1219,25,'CATID1219_MANID25_ITEM_#19',18,260.7),
        (1220,25,'CATID1220_MANID25_ITEM_#20',40,789.23),
        (1221,25,'CATID1221_MANID25_ITEM_#21',12,728.04),
        (1222,25,'CATID1222_MANID25_ITEM_#22',40,762.68),
        (1223,25,'CATID1223_MANID25_ITEM_#23',21,616.44),
        (1224,25,'CATID1224_MANID25_ITEM_#24',40,116.6),
        (1225,25,'CATID1225_MANID25_ITEM_#25',39,416.99),
        (1226,25,'CATID1226_MANID25_ITEM_#26',11,778.35),
        (1227,25,'CATID1227_MANID25_ITEM_#27',16,610.3),
        (1228,25,'CATID1228_MANID25_ITEM_#28',30,899.35),
        (1229,25,'CATID1229_MANID25_ITEM_#29',24,840.46),
        (1230,25,'CATID1230_MANID25_ITEM_#30',6,995.53),
        (1231,25,'CATID1231_MANID25_ITEM_#31',22,142.84),
        (1232,25,'CATID1232_MANID25_ITEM_#32',36,778.54),
        (1233,25,'CATID1233_MANID25_ITEM_#33',19,360.81),
        (1234,25,'CATID1234_MANID25_ITEM_#34',10,172.77),
        (1235,25,'CATID1235_MANID25_ITEM_#35',23,686.91),
        (1236,25,'CATID1236_MANID25_ITEM_#36',18,925.7),
        (1237,25,'CATID1237_MANID25_ITEM_#37',39,511.95),
        (1238,25,'CATID1238_MANID25_ITEM_#38',25,255.3),
        (1239,25,'CATID1239_MANID25_ITEM_#39',37,643.46),
        (1240,25,'CATID1240_MANID25_ITEM_#40',38,20.5),
        (1241,25,'CATID1241_MANID25_ITEM_#41',23,407.62),
        (1242,25,'CATID1242_MANID25_ITEM_#42',23,299.5),
        (1243,25,'CATID1243_MANID25_ITEM_#43',25,657.6),
        (1244,25,'CATID1244_MANID25_ITEM_#44',24,841.67),
        (1245,25,'CATID1245_MANID25_ITEM_#45',1,691.18),
        (1246,25,'CATID1246_MANID25_ITEM_#46',18,683.21),
        (1247,25,'CATID1247_MANID25_ITEM_#47',38,417.8),
        (1248,25,'CATID1248_MANID25_ITEM_#48',17,586.24),
        (1249,25,'CATID1249_MANID25_ITEM_#49',9,795.47),
        (1250,25,'CATID1250_MANID25_ITEM_#50',19,393.07),
        (1251,26,'CATID1251_MANID26_ITEM_#1',24,916.24),
        (1252,26,'CATID1252_MANID26_ITEM_#2',9,744.68),
        (1253,26,'CATID1253_MANID26_ITEM_#3',32,862.81),
        (1254,26,'CATID1254_MANID26_ITEM_#4',19,520.39),
        (1255,26,'CATID1255_MANID26_ITEM_#5',28,536.53),
        (1256,26,'CATID1256_MANID26_ITEM_#6',40,618.28),
        (1257,26,'CATID1257_MANID26_ITEM_#7',1,591.61),
        (1258,26,'CATID1258_MANID26_ITEM_#8',35,518.57),
        (1259,26,'CATID1259_MANID26_ITEM_#9',23,995.33),
        (1260,26,'CATID1260_MANID26_ITEM_#10',19,157.79),
        (1261,26,'CATID1261_MANID26_ITEM_#11',15,114.39),
        (1262,26,'CATID1262_MANID26_ITEM_#12',21,387.87),
        (1263,26,'CATID1263_MANID26_ITEM_#13',36,299.42),
        (1264,26,'CATID1264_MANID26_ITEM_#14',1,115.11),
        (1265,26,'CATID1265_MANID26_ITEM_#15',27,799.4),
        (1266,26,'CATID1266_MANID26_ITEM_#16',6,583.69),
        (1267,26,'CATID1267_MANID26_ITEM_#17',24,908.23),
        (1268,26,'CATID1268_MANID26_ITEM_#18',18,836.58),
        (1269,26,'CATID1269_MANID26_ITEM_#19',17,335.83),
        (1270,26,'CATID1270_MANID26_ITEM_#20',6,727.16),
        (1271,26,'CATID1271_MANID26_ITEM_#21',38,965.73),
        (1272,26,'CATID1272_MANID26_ITEM_#22',28,262.09),
        (1273,26,'CATID1273_MANID26_ITEM_#23',38,546.2),
        (1274,26,'CATID1274_MANID26_ITEM_#24',13,378.69),
        (1275,26,'CATID1275_MANID26_ITEM_#25',37,767.83),
        (1276,26,'CATID1276_MANID26_ITEM_#26',26,777.88),
        (1277,26,'CATID1277_MANID26_ITEM_#27',18,285.57),
        (1278,26,'CATID1278_MANID26_ITEM_#28',3,272.39),
        (1279,26,'CATID1279_MANID26_ITEM_#29',19,169.64),
        (1280,26,'CATID1280_MANID26_ITEM_#30',13,35.82),
        (1281,26,'CATID1281_MANID26_ITEM_#31',13,405.82),
        (1282,26,'CATID1282_MANID26_ITEM_#32',27,347.73),
        (1283,26,'CATID1283_MANID26_ITEM_#33',4,513.96),
        (1284,26,'CATID1284_MANID26_ITEM_#34',34,398.56),
        (1285,26,'CATID1285_MANID26_ITEM_#35',20,742.91),
        (1286,26,'CATID1286_MANID26_ITEM_#36',10,994.35),
        (1287,26,'CATID1287_MANID26_ITEM_#37',20,652.43),
        (1288,26,'CATID1288_MANID26_ITEM_#38',12,255.7),
        (1289,26,'CATID1289_MANID26_ITEM_#39',1,508.74),
        (1290,26,'CATID1290_MANID26_ITEM_#40',4,428.3),
        (1291,26,'CATID1291_MANID26_ITEM_#41',29,200.53),
        (1292,26,'CATID1292_MANID26_ITEM_#42',33,938.09),
        (1293,26,'CATID1293_MANID26_ITEM_#43',4,59.28),
        (1294,26,'CATID1294_MANID26_ITEM_#44',10,924.8),
        (1295,26,'CATID1295_MANID26_ITEM_#45',14,357.42),
        (1296,26,'CATID1296_MANID26_ITEM_#46',3,200.47),
        (1297,26,'CATID1297_MANID26_ITEM_#47',6,965.54),
        (1298,26,'CATID1298_MANID26_ITEM_#48',6,160.8),
        (1299,26,'CATID1299_MANID26_ITEM_#49',14,992.21),
        (1300,26,'CATID1300_MANID26_ITEM_#50',33,48.53),
        (1301,27,'CATID1301_MANID27_ITEM_#1',37,629.58),
        (1302,27,'CATID1302_MANID27_ITEM_#2',24,196.59),
        (1303,27,'CATID1303_MANID27_ITEM_#3',5,729.57),
        (1304,27,'CATID1304_MANID27_ITEM_#4',39,848.44),
        (1305,27,'CATID1305_MANID27_ITEM_#5',6,555.29),
        (1306,27,'CATID1306_MANID27_ITEM_#6',36,711.88),
        (1307,27,'CATID1307_MANID27_ITEM_#7',8,715.87),
        (1308,27,'CATID1308_MANID27_ITEM_#8',30,272.48),
        (1309,27,'CATID1309_MANID27_ITEM_#9',18,244.35),
        (1310,27,'CATID1310_MANID27_ITEM_#10',30,140.94),
        (1311,27,'CATID1311_MANID27_ITEM_#11',11,300.89),
        (1312,27,'CATID1312_MANID27_ITEM_#12',38,512.58),
        (1313,27,'CATID1313_MANID27_ITEM_#13',40,953.22),
        (1314,27,'CATID1314_MANID27_ITEM_#14',28,202.99),
        (1315,27,'CATID1315_MANID27_ITEM_#15',21,509.26),
        (1316,27,'CATID1316_MANID27_ITEM_#16',36,54.11),
        (1317,27,'CATID1317_MANID27_ITEM_#17',18,404.09),
        (1318,27,'CATID1318_MANID27_ITEM_#18',35,370.1),
        (1319,27,'CATID1319_MANID27_ITEM_#19',13,637.85),
        (1320,27,'CATID1320_MANID27_ITEM_#20',18,410.35),
        (1321,27,'CATID1321_MANID27_ITEM_#21',33,784.55),
        (1322,27,'CATID1322_MANID27_ITEM_#22',6,176.31),
        (1323,27,'CATID1323_MANID27_ITEM_#23',28,752.29),
        (1324,27,'CATID1324_MANID27_ITEM_#24',28,918.03),
        (1325,27,'CATID1325_MANID27_ITEM_#25',31,333.46),
        (1326,27,'CATID1326_MANID27_ITEM_#26',2,876.28),
        (1327,27,'CATID1327_MANID27_ITEM_#27',34,100.33),
        (1328,27,'CATID1328_MANID27_ITEM_#28',32,459.24),
        (1329,27,'CATID1329_MANID27_ITEM_#29',19,614.43),
        (1330,27,'CATID1330_MANID27_ITEM_#30',23,917.15),
        (1331,27,'CATID1331_MANID27_ITEM_#31',39,484.94),
        (1332,27,'CATID1332_MANID27_ITEM_#32',36,237.38),
        (1333,27,'CATID1333_MANID27_ITEM_#33',9,304.49),
        (1334,27,'CATID1334_MANID27_ITEM_#34',33,135.89),
        (1335,27,'CATID1335_MANID27_ITEM_#35',4,966.2),
        (1336,27,'CATID1336_MANID27_ITEM_#36',11,147.68),
        (1337,27,'CATID1337_MANID27_ITEM_#37',40,628.36),
        (1338,27,'CATID1338_MANID27_ITEM_#38',24,883.44),
        (1339,27,'CATID1339_MANID27_ITEM_#39',19,401.4),
        (1340,27,'CATID1340_MANID27_ITEM_#40',32,633.56),
        (1341,27,'CATID1341_MANID27_ITEM_#41',8,973.6),
        (1342,27,'CATID1342_MANID27_ITEM_#42',27,5.36),
        (1343,27,'CATID1343_MANID27_ITEM_#43',28,404.26),
        (1344,27,'CATID1344_MANID27_ITEM_#44',14,577.35),
        (1345,27,'CATID1345_MANID27_ITEM_#45',15,687.38),
        (1346,27,'CATID1346_MANID27_ITEM_#46',1,248.18),
        (1347,27,'CATID1347_MANID27_ITEM_#47',22,789.9),
        (1348,27,'CATID1348_MANID27_ITEM_#48',36,899.96),
        (1349,27,'CATID1349_MANID27_ITEM_#49',6,150.02),
        (1350,27,'CATID1350_MANID27_ITEM_#50',40,127.02),
        (1351,28,'CATID1351_MANID28_ITEM_#1',13,442.06),
        (1352,28,'CATID1352_MANID28_ITEM_#2',28,213.31),
        (1353,28,'CATID1353_MANID28_ITEM_#3',33,923.35),
        (1354,28,'CATID1354_MANID28_ITEM_#4',17,457.97),
        (1355,28,'CATID1355_MANID28_ITEM_#5',23,587.14),
        (1356,28,'CATID1356_MANID28_ITEM_#6',36,762.0),
        (1357,28,'CATID1357_MANID28_ITEM_#7',21,293.72),
        (1358,28,'CATID1358_MANID28_ITEM_#8',30,609.29),
        (1359,28,'CATID1359_MANID28_ITEM_#9',34,946.41),
        (1360,28,'CATID1360_MANID28_ITEM_#10',16,768.3),
        (1361,28,'CATID1361_MANID28_ITEM_#11',7,836.1),
        (1362,28,'CATID1362_MANID28_ITEM_#12',22,615.98),
        (1363,28,'CATID1363_MANID28_ITEM_#13',19,250.83),
        (1364,28,'CATID1364_MANID28_ITEM_#14',25,23.39),
        (1365,28,'CATID1365_MANID28_ITEM_#15',8,501.76),
        (1366,28,'CATID1366_MANID28_ITEM_#16',36,701.05),
        (1367,28,'CATID1367_MANID28_ITEM_#17',13,876.21),
        (1368,28,'CATID1368_MANID28_ITEM_#18',28,702.0),
        (1369,28,'CATID1369_MANID28_ITEM_#19',22,329.51),
        (1370,28,'CATID1370_MANID28_ITEM_#20',31,636.52),
        (1371,28,'CATID1371_MANID28_ITEM_#21',2,71.9),
        (1372,28,'CATID1372_MANID28_ITEM_#22',30,636.79),
        (1373,28,'CATID1373_MANID28_ITEM_#23',2,868.38),
        (1374,28,'CATID1374_MANID28_ITEM_#24',26,676.79),
        (1375,28,'CATID1375_MANID28_ITEM_#25',40,136.44),
        (1376,28,'CATID1376_MANID28_ITEM_#26',27,633.55),
        (1377,28,'CATID1377_MANID28_ITEM_#27',28,357.71),
        (1378,28,'CATID1378_MANID28_ITEM_#28',21,235.51),
        (1379,28,'CATID1379_MANID28_ITEM_#29',33,945.42),
        (1380,28,'CATID1380_MANID28_ITEM_#30',30,809.54),
        (1381,28,'CATID1381_MANID28_ITEM_#31',28,864.6),
        (1382,28,'CATID1382_MANID28_ITEM_#32',38,424.92),
        (1383,28,'CATID1383_MANID28_ITEM_#33',18,773.11),
        (1384,28,'CATID1384_MANID28_ITEM_#34',39,812.81),
        (1385,28,'CATID1385_MANID28_ITEM_#35',10,638.84),
        (1386,28,'CATID1386_MANID28_ITEM_#36',1,77.94),
        (1387,28,'CATID1387_MANID28_ITEM_#37',11,91.68),
        (1388,28,'CATID1388_MANID28_ITEM_#38',29,786.47),
        (1389,28,'CATID1389_MANID28_ITEM_#39',10,131.81),
        (1390,28,'CATID1390_MANID28_ITEM_#40',19,923.11),
        (1391,28,'CATID1391_MANID28_ITEM_#41',28,984.59),
        (1392,28,'CATID1392_MANID28_ITEM_#42',12,224.69),
        (1393,28,'CATID1393_MANID28_ITEM_#43',31,252.75),
        (1394,28,'CATID1394_MANID28_ITEM_#44',6,946.21),
        (1395,28,'CATID1395_MANID28_ITEM_#45',7,569.43),
        (1396,28,'CATID1396_MANID28_ITEM_#46',36,930.24),
        (1397,28,'CATID1397_MANID28_ITEM_#47',31,224.51),
        (1398,28,'CATID1398_MANID28_ITEM_#48',36,991.25),
        (1399,28,'CATID1399_MANID28_ITEM_#49',34,455.97),
        (1400,28,'CATID1400_MANID28_ITEM_#50',1,674.93),
        (1401,29,'CATID1401_MANID29_ITEM_#1',35,481.0),
        (1402,29,'CATID1402_MANID29_ITEM_#2',13,439.89),
        (1403,29,'CATID1403_MANID29_ITEM_#3',22,947.39),
        (1404,29,'CATID1404_MANID29_ITEM_#4',40,802.98),
        (1405,29,'CATID1405_MANID29_ITEM_#5',4,918.57),
        (1406,29,'CATID1406_MANID29_ITEM_#6',36,357.9),
        (1407,29,'CATID1407_MANID29_ITEM_#7',36,313.18),
        (1408,29,'CATID1408_MANID29_ITEM_#8',20,530.74),
        (1409,29,'CATID1409_MANID29_ITEM_#9',12,657.85),
        (1410,29,'CATID1410_MANID29_ITEM_#10',6,44.41),
        (1411,29,'CATID1411_MANID29_ITEM_#11',33,818.88),
        (1412,29,'CATID1412_MANID29_ITEM_#12',17,282.7),
        (1413,29,'CATID1413_MANID29_ITEM_#13',40,717.66),
        (1414,29,'CATID1414_MANID29_ITEM_#14',29,179.29),
        (1415,29,'CATID1415_MANID29_ITEM_#15',7,633.28),
        (1416,29,'CATID1416_MANID29_ITEM_#16',17,369.49),
        (1417,29,'CATID1417_MANID29_ITEM_#17',21,699.02),
        (1418,29,'CATID1418_MANID29_ITEM_#18',28,972.99),
        (1419,29,'CATID1419_MANID29_ITEM_#19',22,498.58),
        (1420,29,'CATID1420_MANID29_ITEM_#20',16,217.73),
        (1421,29,'CATID1421_MANID29_ITEM_#21',37,252.89),
        (1422,29,'CATID1422_MANID29_ITEM_#22',35,901.26),
        (1423,29,'CATID1423_MANID29_ITEM_#23',1,154.34),
        (1424,29,'CATID1424_MANID29_ITEM_#24',2,983.25),
        (1425,29,'CATID1425_MANID29_ITEM_#25',34,217.42),
        (1426,29,'CATID1426_MANID29_ITEM_#26',26,763.4),
        (1427,29,'CATID1427_MANID29_ITEM_#27',25,570.81),
        (1428,29,'CATID1428_MANID29_ITEM_#28',29,229.15),
        (1429,29,'CATID1429_MANID29_ITEM_#29',40,381.06),
        (1430,29,'CATID1430_MANID29_ITEM_#30',28,908.98),
        (1431,29,'CATID1431_MANID29_ITEM_#31',25,280.54),
        (1432,29,'CATID1432_MANID29_ITEM_#32',13,63.98),
        (1433,29,'CATID1433_MANID29_ITEM_#33',25,983.76),
        (1434,29,'CATID1434_MANID29_ITEM_#34',1,629.73),
        (1435,29,'CATID1435_MANID29_ITEM_#35',7,949.64),
        (1436,29,'CATID1436_MANID29_ITEM_#36',11,333.11),
        (1437,29,'CATID1437_MANID29_ITEM_#37',4,74.78),
        (1438,29,'CATID1438_MANID29_ITEM_#38',32,638.88),
        (1439,29,'CATID1439_MANID29_ITEM_#39',38,420.48),
        (1440,29,'CATID1440_MANID29_ITEM_#40',36,987.1),
        (1441,29,'CATID1441_MANID29_ITEM_#41',24,803.47),
        (1442,29,'CATID1442_MANID29_ITEM_#42',32,53.39),
        (1443,29,'CATID1443_MANID29_ITEM_#43',19,739.23),
        (1444,29,'CATID1444_MANID29_ITEM_#44',33,717.74),
        (1445,29,'CATID1445_MANID29_ITEM_#45',9,591.0),
        (1446,29,'CATID1446_MANID29_ITEM_#46',31,154.65),
        (1447,29,'CATID1447_MANID29_ITEM_#47',8,165.45),
        (1448,29,'CATID1448_MANID29_ITEM_#48',34,889.99),
        (1449,29,'CATID1449_MANID29_ITEM_#49',40,518.52),
        (1450,29,'CATID1450_MANID29_ITEM_#50',40,794.61),
        (1451,30,'CATID1451_MANID30_ITEM_#1',27,86.29),
        (1452,30,'CATID1452_MANID30_ITEM_#2',1,628.33),
        (1453,30,'CATID1453_MANID30_ITEM_#3',6,894.21),
        (1454,30,'CATID1454_MANID30_ITEM_#4',8,884.69),
        (1455,30,'CATID1455_MANID30_ITEM_#5',11,612.47),
        (1456,30,'CATID1456_MANID30_ITEM_#6',12,193.3),
        (1457,30,'CATID1457_MANID30_ITEM_#7',24,657.9),
        (1458,30,'CATID1458_MANID30_ITEM_#8',29,979.91),
        (1459,30,'CATID1459_MANID30_ITEM_#9',4,369.18),
        (1460,30,'CATID1460_MANID30_ITEM_#10',33,251.56),
        (1461,30,'CATID1461_MANID30_ITEM_#11',25,532.04),
        (1462,30,'CATID1462_MANID30_ITEM_#12',36,40.14),
        (1463,30,'CATID1463_MANID30_ITEM_#13',15,51.69),
        (1464,30,'CATID1464_MANID30_ITEM_#14',14,686.13),
        (1465,30,'CATID1465_MANID30_ITEM_#15',1,655.07),
        (1466,30,'CATID1466_MANID30_ITEM_#16',5,546.48),
        (1467,30,'CATID1467_MANID30_ITEM_#17',37,467.22),
        (1468,30,'CATID1468_MANID30_ITEM_#18',11,772.86),
        (1469,30,'CATID1469_MANID30_ITEM_#19',37,521.25),
        (1470,30,'CATID1470_MANID30_ITEM_#20',40,323.97),
        (1471,30,'CATID1471_MANID30_ITEM_#21',3,807.89),
        (1472,30,'CATID1472_MANID30_ITEM_#22',31,488.04),
        (1473,30,'CATID1473_MANID30_ITEM_#23',10,264.51),
        (1474,30,'CATID1474_MANID30_ITEM_#24',4,947.64),
        (1475,30,'CATID1475_MANID30_ITEM_#25',37,353.24),
        (1476,30,'CATID1476_MANID30_ITEM_#26',12,342.34),
        (1477,30,'CATID1477_MANID30_ITEM_#27',26,750.03),
        (1478,30,'CATID1478_MANID30_ITEM_#28',33,865.76),
        (1479,30,'CATID1479_MANID30_ITEM_#29',1,795.55),
        (1480,30,'CATID1480_MANID30_ITEM_#30',29,671.49),
        (1481,30,'CATID1481_MANID30_ITEM_#31',37,762.84),
        (1482,30,'CATID1482_MANID30_ITEM_#32',11,495.55),
        (1483,30,'CATID1483_MANID30_ITEM_#33',10,67.2),
        (1484,30,'CATID1484_MANID30_ITEM_#34',36,710.52),
        (1485,30,'CATID1485_MANID30_ITEM_#35',29,170.43),
        (1486,30,'CATID1486_MANID30_ITEM_#36',32,367.5),
        (1487,30,'CATID1487_MANID30_ITEM_#37',25,673.21),
        (1488,30,'CATID1488_MANID30_ITEM_#38',18,814.9),
        (1489,30,'CATID1489_MANID30_ITEM_#39',13,474.85),
        (1490,30,'CATID1490_MANID30_ITEM_#40',32,386.91),
        (1491,30,'CATID1491_MANID30_ITEM_#41',34,920.42),
        (1492,30,'CATID1492_MANID30_ITEM_#42',9,39.6),
        (1493,30,'CATID1493_MANID30_ITEM_#43',6,583.76),
        (1494,30,'CATID1494_MANID30_ITEM_#44',29,476.69),
        (1495,30,'CATID1495_MANID30_ITEM_#45',25,128.66),
        (1496,30,'CATID1496_MANID30_ITEM_#46',16,278.04),
        (1497,30,'CATID1497_MANID30_ITEM_#47',18,205.56),
        (1498,30,'CATID1498_MANID30_ITEM_#48',37,701.01),
        (1499,30,'CATID1499_MANID30_ITEM_#49',18,894.42),
        (1500,30,'CATID1500_MANID30_ITEM_#50',21,793.77),
        (1501,31,'CATID1501_MANID31_ITEM_#1',4,246.76),
        (1502,31,'CATID1502_MANID31_ITEM_#2',1,496.77),
        (1503,31,'CATID1503_MANID31_ITEM_#3',3,61.6),
        (1504,31,'CATID1504_MANID31_ITEM_#4',8,882.24),
        (1505,31,'CATID1505_MANID31_ITEM_#5',31,143.64),
        (1506,31,'CATID1506_MANID31_ITEM_#6',37,501.01),
        (1507,31,'CATID1507_MANID31_ITEM_#7',20,93.69),
        (1508,31,'CATID1508_MANID31_ITEM_#8',29,690.98),
        (1509,31,'CATID1509_MANID31_ITEM_#9',25,328.31),
        (1510,31,'CATID1510_MANID31_ITEM_#10',39,309.2),
        (1511,31,'CATID1511_MANID31_ITEM_#11',27,211.86),
        (1512,31,'CATID1512_MANID31_ITEM_#12',1,539.9),
        (1513,31,'CATID1513_MANID31_ITEM_#13',40,560.47),
        (1514,31,'CATID1514_MANID31_ITEM_#14',16,434.68),
        (1515,31,'CATID1515_MANID31_ITEM_#15',23,436.54),
        (1516,31,'CATID1516_MANID31_ITEM_#16',15,913.16),
        (1517,31,'CATID1517_MANID31_ITEM_#17',23,959.12),
        (1518,31,'CATID1518_MANID31_ITEM_#18',1,579.64),
        (1519,31,'CATID1519_MANID31_ITEM_#19',18,423.05),
        (1520,31,'CATID1520_MANID31_ITEM_#20',28,600.67),
        (1521,31,'CATID1521_MANID31_ITEM_#21',1,85.28),
        (1522,31,'CATID1522_MANID31_ITEM_#22',30,515.92),
        (1523,31,'CATID1523_MANID31_ITEM_#23',13,192.25),
        (1524,31,'CATID1524_MANID31_ITEM_#24',13,630.96),
        (1525,31,'CATID1525_MANID31_ITEM_#25',8,126.51),
        (1526,31,'CATID1526_MANID31_ITEM_#26',3,808.9),
        (1527,31,'CATID1527_MANID31_ITEM_#27',21,102.6),
        (1528,31,'CATID1528_MANID31_ITEM_#28',11,202.92),
        (1529,31,'CATID1529_MANID31_ITEM_#29',13,700.72),
        (1530,31,'CATID1530_MANID31_ITEM_#30',40,592.6),
        (1531,31,'CATID1531_MANID31_ITEM_#31',12,30.43),
        (1532,31,'CATID1532_MANID31_ITEM_#32',15,842.16),
        (1533,31,'CATID1533_MANID31_ITEM_#33',24,856.0),
        (1534,31,'CATID1534_MANID31_ITEM_#34',28,978.74),
        (1535,31,'CATID1535_MANID31_ITEM_#35',1,741.62),
        (1536,31,'CATID1536_MANID31_ITEM_#36',12,783.47),
        (1537,31,'CATID1537_MANID31_ITEM_#37',29,302.52),
        (1538,31,'CATID1538_MANID31_ITEM_#38',22,100.23),
        (1539,31,'CATID1539_MANID31_ITEM_#39',9,398.39),
        (1540,31,'CATID1540_MANID31_ITEM_#40',32,31.26),
        (1541,31,'CATID1541_MANID31_ITEM_#41',35,789.38),
        (1542,31,'CATID1542_MANID31_ITEM_#42',2,130.83),
        (1543,31,'CATID1543_MANID31_ITEM_#43',33,30.11),
        (1544,31,'CATID1544_MANID31_ITEM_#44',2,510.46),
        (1545,31,'CATID1545_MANID31_ITEM_#45',33,670.03),
        (1546,31,'CATID1546_MANID31_ITEM_#46',26,500.88),
        (1547,31,'CATID1547_MANID31_ITEM_#47',1,773.95),
        (1548,31,'CATID1548_MANID31_ITEM_#48',22,433.36),
        (1549,31,'CATID1549_MANID31_ITEM_#49',13,537.38),
        (1550,31,'CATID1550_MANID31_ITEM_#50',38,856.79),
        (1551,32,'CATID1551_MANID32_ITEM_#1',13,973.01),
        (1552,32,'CATID1552_MANID32_ITEM_#2',30,685.86),
        (1553,32,'CATID1553_MANID32_ITEM_#3',1,962.71),
        (1554,32,'CATID1554_MANID32_ITEM_#4',32,730.79),
        (1555,32,'CATID1555_MANID32_ITEM_#5',27,808.86),
        (1556,32,'CATID1556_MANID32_ITEM_#6',27,603.1),
        (1557,32,'CATID1557_MANID32_ITEM_#7',15,816.97),
        (1558,32,'CATID1558_MANID32_ITEM_#8',14,119.57),
        (1559,32,'CATID1559_MANID32_ITEM_#9',7,474.19),
        (1560,32,'CATID1560_MANID32_ITEM_#10',11,920.15),
        (1561,32,'CATID1561_MANID32_ITEM_#11',36,711.82),
        (1562,32,'CATID1562_MANID32_ITEM_#12',29,4.53),
        (1563,32,'CATID1563_MANID32_ITEM_#13',17,25.29),
        (1564,32,'CATID1564_MANID32_ITEM_#14',7,884.74),
        (1565,32,'CATID1565_MANID32_ITEM_#15',6,188.37),
        (1566,32,'CATID1566_MANID32_ITEM_#16',24,63.37),
        (1567,32,'CATID1567_MANID32_ITEM_#17',15,968.42),
        (1568,32,'CATID1568_MANID32_ITEM_#18',20,33.36),
        (1569,32,'CATID1569_MANID32_ITEM_#19',4,620.16),
        (1570,32,'CATID1570_MANID32_ITEM_#20',18,475.97),
        (1571,32,'CATID1571_MANID32_ITEM_#21',4,527.94),
        (1572,32,'CATID1572_MANID32_ITEM_#22',23,507.03),
        (1573,32,'CATID1573_MANID32_ITEM_#23',18,479.35),
        (1574,32,'CATID1574_MANID32_ITEM_#24',35,63.49),
        (1575,32,'CATID1575_MANID32_ITEM_#25',18,723.83),
        (1576,32,'CATID1576_MANID32_ITEM_#26',1,329.98),
        (1577,32,'CATID1577_MANID32_ITEM_#27',7,300.63),
        (1578,32,'CATID1578_MANID32_ITEM_#28',23,632.05),
        (1579,32,'CATID1579_MANID32_ITEM_#29',31,103.03),
        (1580,32,'CATID1580_MANID32_ITEM_#30',10,589.84),
        (1581,32,'CATID1581_MANID32_ITEM_#31',20,642.08),
        (1582,32,'CATID1582_MANID32_ITEM_#32',17,387.78),
        (1583,32,'CATID1583_MANID32_ITEM_#33',35,370.21),
        (1584,32,'CATID1584_MANID32_ITEM_#34',2,980.15),
        (1585,32,'CATID1585_MANID32_ITEM_#35',25,397.58),
        (1586,32,'CATID1586_MANID32_ITEM_#36',19,108.6),
        (1587,32,'CATID1587_MANID32_ITEM_#37',21,413.02),
        (1588,32,'CATID1588_MANID32_ITEM_#38',37,779.43),
        (1589,32,'CATID1589_MANID32_ITEM_#39',1,288.33),
        (1590,32,'CATID1590_MANID32_ITEM_#40',35,124.53),
        (1591,32,'CATID1591_MANID32_ITEM_#41',26,799.41),
        (1592,32,'CATID1592_MANID32_ITEM_#42',35,933.63),
        (1593,32,'CATID1593_MANID32_ITEM_#43',6,180.42),
        (1594,32,'CATID1594_MANID32_ITEM_#44',19,91.06),
        (1595,32,'CATID1595_MANID32_ITEM_#45',24,412.35),
        (1596,32,'CATID1596_MANID32_ITEM_#46',4,962.78),
        (1597,32,'CATID1597_MANID32_ITEM_#47',6,994.88),
        (1598,32,'CATID1598_MANID32_ITEM_#48',19,187.47),
        (1599,32,'CATID1599_MANID32_ITEM_#49',10,227.58),
        (1600,32,'CATID1600_MANID32_ITEM_#50',16,49.96),
        (1601,33,'CATID1601_MANID33_ITEM_#1',10,448.07),
        (1602,33,'CATID1602_MANID33_ITEM_#2',18,305.49),
        (1603,33,'CATID1603_MANID33_ITEM_#3',2,170.39),
        (1604,33,'CATID1604_MANID33_ITEM_#4',35,437.7),
        (1605,33,'CATID1605_MANID33_ITEM_#5',18,794.36),
        (1606,33,'CATID1606_MANID33_ITEM_#6',34,805.21),
        (1607,33,'CATID1607_MANID33_ITEM_#7',6,14.87),
        (1608,33,'CATID1608_MANID33_ITEM_#8',14,101.02),
        (1609,33,'CATID1609_MANID33_ITEM_#9',22,884.15),
        (1610,33,'CATID1610_MANID33_ITEM_#10',27,579.18),
        (1611,33,'CATID1611_MANID33_ITEM_#11',3,386.34),
        (1612,33,'CATID1612_MANID33_ITEM_#12',13,457.28),
        (1613,33,'CATID1613_MANID33_ITEM_#13',33,696.32),
        (1614,33,'CATID1614_MANID33_ITEM_#14',20,257.69),
        (1615,33,'CATID1615_MANID33_ITEM_#15',35,917.29),
        (1616,33,'CATID1616_MANID33_ITEM_#16',11,92.49),
        (1617,33,'CATID1617_MANID33_ITEM_#17',20,341.61),
        (1618,33,'CATID1618_MANID33_ITEM_#18',2,286.89),
        (1619,33,'CATID1619_MANID33_ITEM_#19',8,775.87),
        (1620,33,'CATID1620_MANID33_ITEM_#20',9,311.51),
        (1621,33,'CATID1621_MANID33_ITEM_#21',8,817.27),
        (1622,33,'CATID1622_MANID33_ITEM_#22',7,747.6),
        (1623,33,'CATID1623_MANID33_ITEM_#23',1,480.84),
        (1624,33,'CATID1624_MANID33_ITEM_#24',40,179.02),
        (1625,33,'CATID1625_MANID33_ITEM_#25',12,879.17),
        (1626,33,'CATID1626_MANID33_ITEM_#26',28,94.43),
        (1627,33,'CATID1627_MANID33_ITEM_#27',27,417.3),
        (1628,33,'CATID1628_MANID33_ITEM_#28',35,916.16),
        (1629,33,'CATID1629_MANID33_ITEM_#29',25,610.47),
        (1630,33,'CATID1630_MANID33_ITEM_#30',10,574.81),
        (1631,33,'CATID1631_MANID33_ITEM_#31',9,581.85),
        (1632,33,'CATID1632_MANID33_ITEM_#32',30,427.14),
        (1633,33,'CATID1633_MANID33_ITEM_#33',30,451.94),
        (1634,33,'CATID1634_MANID33_ITEM_#34',36,23.52),
        (1635,33,'CATID1635_MANID33_ITEM_#35',16,397.03),
        (1636,33,'CATID1636_MANID33_ITEM_#36',19,73.02),
        (1637,33,'CATID1637_MANID33_ITEM_#37',34,982.53),
        (1638,33,'CATID1638_MANID33_ITEM_#38',17,925.53),
        (1639,33,'CATID1639_MANID33_ITEM_#39',18,293.66),
        (1640,33,'CATID1640_MANID33_ITEM_#40',14,9.12),
        (1641,33,'CATID1641_MANID33_ITEM_#41',31,87.01),
        (1642,33,'CATID1642_MANID33_ITEM_#42',37,998.23),
        (1643,33,'CATID1643_MANID33_ITEM_#43',15,429.02),
        (1644,33,'CATID1644_MANID33_ITEM_#44',16,921.1),
        (1645,33,'CATID1645_MANID33_ITEM_#45',23,322.38),
        (1646,33,'CATID1646_MANID33_ITEM_#46',13,472.59),
        (1647,33,'CATID1647_MANID33_ITEM_#47',35,667.26),
        (1648,33,'CATID1648_MANID33_ITEM_#48',16,753.29),
        (1649,33,'CATID1649_MANID33_ITEM_#49',8,644.13),
        (1650,33,'CATID1650_MANID33_ITEM_#50',35,677.34),
        (1651,34,'CATID1651_MANID34_ITEM_#1',2,299.26),
        (1652,34,'CATID1652_MANID34_ITEM_#2',35,796.58),
        (1653,34,'CATID1653_MANID34_ITEM_#3',25,535.17),
        (1654,34,'CATID1654_MANID34_ITEM_#4',31,991.99),
        (1655,34,'CATID1655_MANID34_ITEM_#5',7,522.49),
        (1656,34,'CATID1656_MANID34_ITEM_#6',35,971.28),
        (1657,34,'CATID1657_MANID34_ITEM_#7',23,601.22),
        (1658,34,'CATID1658_MANID34_ITEM_#8',4,957.63),
        (1659,34,'CATID1659_MANID34_ITEM_#9',35,405.32),
        (1660,34,'CATID1660_MANID34_ITEM_#10',40,653.88),
        (1661,34,'CATID1661_MANID34_ITEM_#11',33,222.37),
        (1662,34,'CATID1662_MANID34_ITEM_#12',7,765.82),
        (1663,34,'CATID1663_MANID34_ITEM_#13',21,97.69),
        (1664,34,'CATID1664_MANID34_ITEM_#14',15,706.72),
        (1665,34,'CATID1665_MANID34_ITEM_#15',19,562.89),
        (1666,34,'CATID1666_MANID34_ITEM_#16',23,800.2),
        (1667,34,'CATID1667_MANID34_ITEM_#17',29,745.61),
        (1668,34,'CATID1668_MANID34_ITEM_#18',16,367.53),
        (1669,34,'CATID1669_MANID34_ITEM_#19',15,485.42),
        (1670,34,'CATID1670_MANID34_ITEM_#20',30,650.26),
        (1671,34,'CATID1671_MANID34_ITEM_#21',16,954.33),
        (1672,34,'CATID1672_MANID34_ITEM_#22',33,33.36),
        (1673,34,'CATID1673_MANID34_ITEM_#23',3,458.14),
        (1674,34,'CATID1674_MANID34_ITEM_#24',8,488.94),
        (1675,34,'CATID1675_MANID34_ITEM_#25',6,305.12),
        (1676,34,'CATID1676_MANID34_ITEM_#26',6,526.29),
        (1677,34,'CATID1677_MANID34_ITEM_#27',30,688.88),
        (1678,34,'CATID1678_MANID34_ITEM_#28',8,321.97),
        (1679,34,'CATID1679_MANID34_ITEM_#29',13,801.17),
        (1680,34,'CATID1680_MANID34_ITEM_#30',24,716.5),
        (1681,34,'CATID1681_MANID34_ITEM_#31',34,574.49),
        (1682,34,'CATID1682_MANID34_ITEM_#32',4,96.23),
        (1683,34,'CATID1683_MANID34_ITEM_#33',6,273.47),
        (1684,34,'CATID1684_MANID34_ITEM_#34',31,514.13),
        (1685,34,'CATID1685_MANID34_ITEM_#35',18,246.19),
        (1686,34,'CATID1686_MANID34_ITEM_#36',11,823.25),
        (1687,34,'CATID1687_MANID34_ITEM_#37',7,737.27),
        (1688,34,'CATID1688_MANID34_ITEM_#38',34,562.22),
        (1689,34,'CATID1689_MANID34_ITEM_#39',37,146.81),
        (1690,34,'CATID1690_MANID34_ITEM_#40',7,149.67),
        (1691,34,'CATID1691_MANID34_ITEM_#41',34,79.2),
        (1692,34,'CATID1692_MANID34_ITEM_#42',13,460.47),
        (1693,34,'CATID1693_MANID34_ITEM_#43',23,330.69),
        (1694,34,'CATID1694_MANID34_ITEM_#44',20,333.2),
        (1695,34,'CATID1695_MANID34_ITEM_#45',11,995.15),
        (1696,34,'CATID1696_MANID34_ITEM_#46',7,610.63),
        (1697,34,'CATID1697_MANID34_ITEM_#47',39,728.38),
        (1698,34,'CATID1698_MANID34_ITEM_#48',2,620.7),
        (1699,34,'CATID1699_MANID34_ITEM_#49',10,217.26),
        (1700,34,'CATID1700_MANID34_ITEM_#50',6,701.5),
        (1701,35,'CATID1701_MANID35_ITEM_#1',12,484.35),
        (1702,35,'CATID1702_MANID35_ITEM_#2',19,941.83),
        (1703,35,'CATID1703_MANID35_ITEM_#3',13,950.09),
        (1704,35,'CATID1704_MANID35_ITEM_#4',37,593.62),
        (1705,35,'CATID1705_MANID35_ITEM_#5',5,577.8),
        (1706,35,'CATID1706_MANID35_ITEM_#6',21,703.41),
        (1707,35,'CATID1707_MANID35_ITEM_#7',23,558.1),
        (1708,35,'CATID1708_MANID35_ITEM_#8',19,994.86),
        (1709,35,'CATID1709_MANID35_ITEM_#9',6,153.71),
        (1710,35,'CATID1710_MANID35_ITEM_#10',37,887.32),
        (1711,35,'CATID1711_MANID35_ITEM_#11',27,437.98),
        (1712,35,'CATID1712_MANID35_ITEM_#12',24,696.86),
        (1713,35,'CATID1713_MANID35_ITEM_#13',28,369.85),
        (1714,35,'CATID1714_MANID35_ITEM_#14',31,231.1),
        (1715,35,'CATID1715_MANID35_ITEM_#15',29,759.34),
        (1716,35,'CATID1716_MANID35_ITEM_#16',19,641.61),
        (1717,35,'CATID1717_MANID35_ITEM_#17',35,368.29),
        (1718,35,'CATID1718_MANID35_ITEM_#18',8,639.2),
        (1719,35,'CATID1719_MANID35_ITEM_#19',7,841.2),
        (1720,35,'CATID1720_MANID35_ITEM_#20',9,536.74),
        (1721,35,'CATID1721_MANID35_ITEM_#21',17,557.87),
        (1722,35,'CATID1722_MANID35_ITEM_#22',1,891.93),
        (1723,35,'CATID1723_MANID35_ITEM_#23',19,171.54),
        (1724,35,'CATID1724_MANID35_ITEM_#24',24,158.93),
        (1725,35,'CATID1725_MANID35_ITEM_#25',35,817.93),
        (1726,35,'CATID1726_MANID35_ITEM_#26',14,116.67),
        (1727,35,'CATID1727_MANID35_ITEM_#27',38,482.06),
        (1728,35,'CATID1728_MANID35_ITEM_#28',3,558.81),
        (1729,35,'CATID1729_MANID35_ITEM_#29',5,857.33),
        (1730,35,'CATID1730_MANID35_ITEM_#30',16,257.82),
        (1731,35,'CATID1731_MANID35_ITEM_#31',33,296.25),
        (1732,35,'CATID1732_MANID35_ITEM_#32',18,25.02),
        (1733,35,'CATID1733_MANID35_ITEM_#33',8,311.88),
        (1734,35,'CATID1734_MANID35_ITEM_#34',7,25.37),
        (1735,35,'CATID1735_MANID35_ITEM_#35',32,556.9),
        (1736,35,'CATID1736_MANID35_ITEM_#36',5,767.18),
        (1737,35,'CATID1737_MANID35_ITEM_#37',21,366.47),
        (1738,35,'CATID1738_MANID35_ITEM_#38',18,228.42),
        (1739,35,'CATID1739_MANID35_ITEM_#39',28,493.55),
        (1740,35,'CATID1740_MANID35_ITEM_#40',30,547.61),
        (1741,35,'CATID1741_MANID35_ITEM_#41',37,883.36),
        (1742,35,'CATID1742_MANID35_ITEM_#42',29,107.95),
        (1743,35,'CATID1743_MANID35_ITEM_#43',3,295.83),
        (1744,35,'CATID1744_MANID35_ITEM_#44',29,183.22),
        (1745,35,'CATID1745_MANID35_ITEM_#45',10,963.38),
        (1746,35,'CATID1746_MANID35_ITEM_#46',13,518.38),
        (1747,35,'CATID1747_MANID35_ITEM_#47',23,254.65),
        (1748,35,'CATID1748_MANID35_ITEM_#48',28,801.41),
        (1749,35,'CATID1749_MANID35_ITEM_#49',27,904.29),
        (1750,35,'CATID1750_MANID35_ITEM_#50',7,237.46),
        (1751,36,'CATID1751_MANID36_ITEM_#1',18,135.95),
        (1752,36,'CATID1752_MANID36_ITEM_#2',10,974.28),
        (1753,36,'CATID1753_MANID36_ITEM_#3',8,930.68),
        (1754,36,'CATID1754_MANID36_ITEM_#4',37,598.65),
        (1755,36,'CATID1755_MANID36_ITEM_#5',34,292.7),
        (1756,36,'CATID1756_MANID36_ITEM_#6',16,247.77),
        (1757,36,'CATID1757_MANID36_ITEM_#7',15,95.96),
        (1758,36,'CATID1758_MANID36_ITEM_#8',2,5.51),
        (1759,36,'CATID1759_MANID36_ITEM_#9',32,517.85),
        (1760,36,'CATID1760_MANID36_ITEM_#10',38,378.19),
        (1761,36,'CATID1761_MANID36_ITEM_#11',37,929.53),
        (1762,36,'CATID1762_MANID36_ITEM_#12',37,670.68),
        (1763,36,'CATID1763_MANID36_ITEM_#13',19,942.49),
        (1764,36,'CATID1764_MANID36_ITEM_#14',19,423.24),
        (1765,36,'CATID1765_MANID36_ITEM_#15',18,258.32),
        (1766,36,'CATID1766_MANID36_ITEM_#16',14,60.84),
        (1767,36,'CATID1767_MANID36_ITEM_#17',6,413.6),
        (1768,36,'CATID1768_MANID36_ITEM_#18',29,557.99),
        (1769,36,'CATID1769_MANID36_ITEM_#19',8,231.62),
        (1770,36,'CATID1770_MANID36_ITEM_#20',30,137.54),
        (1771,36,'CATID1771_MANID36_ITEM_#21',37,246.99),
        (1772,36,'CATID1772_MANID36_ITEM_#22',37,943.22),
        (1773,36,'CATID1773_MANID36_ITEM_#23',23,820.74),
        (1774,36,'CATID1774_MANID36_ITEM_#24',20,557.91),
        (1775,36,'CATID1775_MANID36_ITEM_#25',3,188.6),
        (1776,36,'CATID1776_MANID36_ITEM_#26',19,155.32),
        (1777,36,'CATID1777_MANID36_ITEM_#27',27,270.71),
        (1778,36,'CATID1778_MANID36_ITEM_#28',26,908.72),
        (1779,36,'CATID1779_MANID36_ITEM_#29',33,965.16),
        (1780,36,'CATID1780_MANID36_ITEM_#30',34,456.38),
        (1781,36,'CATID1781_MANID36_ITEM_#31',28,359.58),
        (1782,36,'CATID1782_MANID36_ITEM_#32',30,904.73),
        (1783,36,'CATID1783_MANID36_ITEM_#33',5,88.39),
        (1784,36,'CATID1784_MANID36_ITEM_#34',24,243.36),
        (1785,36,'CATID1785_MANID36_ITEM_#35',18,306.55),
        (1786,36,'CATID1786_MANID36_ITEM_#36',22,527.6),
        (1787,36,'CATID1787_MANID36_ITEM_#37',17,924.66),
        (1788,36,'CATID1788_MANID36_ITEM_#38',2,624.4),
        (1789,36,'CATID1789_MANID36_ITEM_#39',23,496.59),
        (1790,36,'CATID1790_MANID36_ITEM_#40',37,741.06),
        (1791,36,'CATID1791_MANID36_ITEM_#41',16,69.65),
        (1792,36,'CATID1792_MANID36_ITEM_#42',4,257.07),
        (1793,36,'CATID1793_MANID36_ITEM_#43',13,589.56),
        (1794,36,'CATID1794_MANID36_ITEM_#44',32,180.35),
        (1795,36,'CATID1795_MANID36_ITEM_#45',33,132.93),
        (1796,36,'CATID1796_MANID36_ITEM_#46',35,221.64),
        (1797,36,'CATID1797_MANID36_ITEM_#47',33,662.81),
        (1798,36,'CATID1798_MANID36_ITEM_#48',23,508.39),
        (1799,36,'CATID1799_MANID36_ITEM_#49',13,398.93),
        (1800,36,'CATID1800_MANID36_ITEM_#50',25,81.56),
        (1801,37,'CATID1801_MANID37_ITEM_#1',11,942.56),
        (1802,37,'CATID1802_MANID37_ITEM_#2',12,960.73),
        (1803,37,'CATID1803_MANID37_ITEM_#3',40,764.01),
        (1804,37,'CATID1804_MANID37_ITEM_#4',28,69.72),
        (1805,37,'CATID1805_MANID37_ITEM_#5',17,137.23),
        (1806,37,'CATID1806_MANID37_ITEM_#6',4,703.29),
        (1807,37,'CATID1807_MANID37_ITEM_#7',26,5.99),
        (1808,37,'CATID1808_MANID37_ITEM_#8',26,826.82),
        (1809,37,'CATID1809_MANID37_ITEM_#9',26,880.08),
        (1810,37,'CATID1810_MANID37_ITEM_#10',38,528.73),
        (1811,37,'CATID1811_MANID37_ITEM_#11',38,71.65),
        (1812,37,'CATID1812_MANID37_ITEM_#12',3,494.18),
        (1813,37,'CATID1813_MANID37_ITEM_#13',36,11.08),
        (1814,37,'CATID1814_MANID37_ITEM_#14',11,826.77),
        (1815,37,'CATID1815_MANID37_ITEM_#15',30,213.0),
        (1816,37,'CATID1816_MANID37_ITEM_#16',37,598.36),
        (1817,37,'CATID1817_MANID37_ITEM_#17',23,669.12),
        (1818,37,'CATID1818_MANID37_ITEM_#18',16,225.34),
        (1819,37,'CATID1819_MANID37_ITEM_#19',8,659.39),
        (1820,37,'CATID1820_MANID37_ITEM_#20',35,207.42),
        (1821,37,'CATID1821_MANID37_ITEM_#21',9,443.09),
        (1822,37,'CATID1822_MANID37_ITEM_#22',29,181.87),
        (1823,37,'CATID1823_MANID37_ITEM_#23',24,388.04),
        (1824,37,'CATID1824_MANID37_ITEM_#24',25,948.76),
        (1825,37,'CATID1825_MANID37_ITEM_#25',11,471.38),
        (1826,37,'CATID1826_MANID37_ITEM_#26',1,535.53),
        (1827,37,'CATID1827_MANID37_ITEM_#27',4,896.61),
        (1828,37,'CATID1828_MANID37_ITEM_#28',25,418.64),
        (1829,37,'CATID1829_MANID37_ITEM_#29',20,487.48),
        (1830,37,'CATID1830_MANID37_ITEM_#30',30,703.14),
        (1831,37,'CATID1831_MANID37_ITEM_#31',2,581.99),
        (1832,37,'CATID1832_MANID37_ITEM_#32',4,845.02),
        (1833,37,'CATID1833_MANID37_ITEM_#33',29,673.75),
        (1834,37,'CATID1834_MANID37_ITEM_#34',39,455.03),
        (1835,37,'CATID1835_MANID37_ITEM_#35',1,502.36),
        (1836,37,'CATID1836_MANID37_ITEM_#36',36,883.91),
        (1837,37,'CATID1837_MANID37_ITEM_#37',7,351.65),
        (1838,37,'CATID1838_MANID37_ITEM_#38',14,698.6),
        (1839,37,'CATID1839_MANID37_ITEM_#39',2,99.27),
        (1840,37,'CATID1840_MANID37_ITEM_#40',20,677.53),
        (1841,37,'CATID1841_MANID37_ITEM_#41',35,176.83),
        (1842,37,'CATID1842_MANID37_ITEM_#42',35,120.83),
        (1843,37,'CATID1843_MANID37_ITEM_#43',34,237.17),
        (1844,37,'CATID1844_MANID37_ITEM_#44',23,351.78),
        (1845,37,'CATID1845_MANID37_ITEM_#45',23,495.25),
        (1846,37,'CATID1846_MANID37_ITEM_#46',1,372.94),
        (1847,37,'CATID1847_MANID37_ITEM_#47',19,835.0),
        (1848,37,'CATID1848_MANID37_ITEM_#48',34,78.76),
        (1849,37,'CATID1849_MANID37_ITEM_#49',32,82.02),
        (1850,37,'CATID1850_MANID37_ITEM_#50',31,540.72),
        (1851,38,'CATID1851_MANID38_ITEM_#1',38,938.03),
        (1852,38,'CATID1852_MANID38_ITEM_#2',12,818.49),
        (1853,38,'CATID1853_MANID38_ITEM_#3',3,576.12),
        (1854,38,'CATID1854_MANID38_ITEM_#4',37,374.65),
        (1855,38,'CATID1855_MANID38_ITEM_#5',20,22.06),
        (1856,38,'CATID1856_MANID38_ITEM_#6',13,478.38),
        (1857,38,'CATID1857_MANID38_ITEM_#7',37,310.04),
        (1858,38,'CATID1858_MANID38_ITEM_#8',10,90.55),
        (1859,38,'CATID1859_MANID38_ITEM_#9',29,269.85),
        (1860,38,'CATID1860_MANID38_ITEM_#10',1,147.21),
        (1861,38,'CATID1861_MANID38_ITEM_#11',35,153.88),
        (1862,38,'CATID1862_MANID38_ITEM_#12',40,923.49),
        (1863,38,'CATID1863_MANID38_ITEM_#13',36,621.53),
        (1864,38,'CATID1864_MANID38_ITEM_#14',31,348.76),
        (1865,38,'CATID1865_MANID38_ITEM_#15',29,829.29),
        (1866,38,'CATID1866_MANID38_ITEM_#16',11,237.5),
        (1867,38,'CATID1867_MANID38_ITEM_#17',15,414.23),
        (1868,38,'CATID1868_MANID38_ITEM_#18',31,433.7),
        (1869,38,'CATID1869_MANID38_ITEM_#19',8,479.84),
        (1870,38,'CATID1870_MANID38_ITEM_#20',32,822.25),
        (1871,38,'CATID1871_MANID38_ITEM_#21',8,232.14),
        (1872,38,'CATID1872_MANID38_ITEM_#22',20,125.59),
        (1873,38,'CATID1873_MANID38_ITEM_#23',38,638.67),
        (1874,38,'CATID1874_MANID38_ITEM_#24',25,369.72),
        (1875,38,'CATID1875_MANID38_ITEM_#25',15,749.09),
        (1876,38,'CATID1876_MANID38_ITEM_#26',1,365.48),
        (1877,38,'CATID1877_MANID38_ITEM_#27',21,456.38),
        (1878,38,'CATID1878_MANID38_ITEM_#28',2,177.39),
        (1879,38,'CATID1879_MANID38_ITEM_#29',7,78.67),
        (1880,38,'CATID1880_MANID38_ITEM_#30',18,27.98),
        (1881,38,'CATID1881_MANID38_ITEM_#31',15,14.79),
        (1882,38,'CATID1882_MANID38_ITEM_#32',38,714.02),
        (1883,38,'CATID1883_MANID38_ITEM_#33',33,954.32),
        (1884,38,'CATID1884_MANID38_ITEM_#34',14,534.69),
        (1885,38,'CATID1885_MANID38_ITEM_#35',27,792.33),
        (1886,38,'CATID1886_MANID38_ITEM_#36',16,202.61),
        (1887,38,'CATID1887_MANID38_ITEM_#37',26,290.64),
        (1888,38,'CATID1888_MANID38_ITEM_#38',14,137.64),
        (1889,38,'CATID1889_MANID38_ITEM_#39',9,108.77),
        (1890,38,'CATID1890_MANID38_ITEM_#40',24,117.11),
        (1891,38,'CATID1891_MANID38_ITEM_#41',35,218.93),
        (1892,38,'CATID1892_MANID38_ITEM_#42',11,588.3),
        (1893,38,'CATID1893_MANID38_ITEM_#43',13,429.14),
        (1894,38,'CATID1894_MANID38_ITEM_#44',3,8.99),
        (1895,38,'CATID1895_MANID38_ITEM_#45',17,394.03),
        (1896,38,'CATID1896_MANID38_ITEM_#46',29,373.86),
        (1897,38,'CATID1897_MANID38_ITEM_#47',5,347.07),
        (1898,38,'CATID1898_MANID38_ITEM_#48',20,180.61),
        (1899,38,'CATID1899_MANID38_ITEM_#49',34,132.38),
        (1900,38,'CATID1900_MANID38_ITEM_#50',13,776.42),
        (1901,39,'CATID1901_MANID39_ITEM_#1',35,204.27),
        (1902,39,'CATID1902_MANID39_ITEM_#2',12,103.31),
        (1903,39,'CATID1903_MANID39_ITEM_#3',14,449.66),
        (1904,39,'CATID1904_MANID39_ITEM_#4',6,230.15),
        (1905,39,'CATID1905_MANID39_ITEM_#5',27,45.54),
        (1906,39,'CATID1906_MANID39_ITEM_#6',7,517.26),
        (1907,39,'CATID1907_MANID39_ITEM_#7',13,234.03),
        (1908,39,'CATID1908_MANID39_ITEM_#8',26,158.98),
        (1909,39,'CATID1909_MANID39_ITEM_#9',7,392.78),
        (1910,39,'CATID1910_MANID39_ITEM_#10',3,230.53),
        (1911,39,'CATID1911_MANID39_ITEM_#11',40,595.92),
        (1912,39,'CATID1912_MANID39_ITEM_#12',14,766.61),
        (1913,39,'CATID1913_MANID39_ITEM_#13',13,976.17),
        (1914,39,'CATID1914_MANID39_ITEM_#14',40,481.44),
        (1915,39,'CATID1915_MANID39_ITEM_#15',37,611.79),
        (1916,39,'CATID1916_MANID39_ITEM_#16',2,119.9),
        (1917,39,'CATID1917_MANID39_ITEM_#17',26,165.92),
        (1918,39,'CATID1918_MANID39_ITEM_#18',40,311.32),
        (1919,39,'CATID1919_MANID39_ITEM_#19',33,671.17),
        (1920,39,'CATID1920_MANID39_ITEM_#20',5,35.44),
        (1921,39,'CATID1921_MANID39_ITEM_#21',1,904.66),
        (1922,39,'CATID1922_MANID39_ITEM_#22',37,532.8),
        (1923,39,'CATID1923_MANID39_ITEM_#23',1,481.4),
        (1924,39,'CATID1924_MANID39_ITEM_#24',25,465.45),
        (1925,39,'CATID1925_MANID39_ITEM_#25',13,83.72),
        (1926,39,'CATID1926_MANID39_ITEM_#26',27,73.5),
        (1927,39,'CATID1927_MANID39_ITEM_#27',3,830.23),
        (1928,39,'CATID1928_MANID39_ITEM_#28',18,499.01),
        (1929,39,'CATID1929_MANID39_ITEM_#29',22,43.88),
        (1930,39,'CATID1930_MANID39_ITEM_#30',12,935.22),
        (1931,39,'CATID1931_MANID39_ITEM_#31',16,372.27),
        (1932,39,'CATID1932_MANID39_ITEM_#32',12,206.35),
        (1933,39,'CATID1933_MANID39_ITEM_#33',32,404.32),
        (1934,39,'CATID1934_MANID39_ITEM_#34',40,25.78),
        (1935,39,'CATID1935_MANID39_ITEM_#35',11,535.3),
        (1936,39,'CATID1936_MANID39_ITEM_#36',34,334.51),
        (1937,39,'CATID1937_MANID39_ITEM_#37',21,400.99),
        (1938,39,'CATID1938_MANID39_ITEM_#38',27,23.52),
        (1939,39,'CATID1939_MANID39_ITEM_#39',9,253.25),
        (1940,39,'CATID1940_MANID39_ITEM_#40',1,214.48),
        (1941,39,'CATID1941_MANID39_ITEM_#41',22,933.05),
        (1942,39,'CATID1942_MANID39_ITEM_#42',37,156.18),
        (1943,39,'CATID1943_MANID39_ITEM_#43',19,600.11),
        (1944,39,'CATID1944_MANID39_ITEM_#44',5,476.96),
        (1945,39,'CATID1945_MANID39_ITEM_#45',40,148.79),
        (1946,39,'CATID1946_MANID39_ITEM_#46',10,979.38),
        (1947,39,'CATID1947_MANID39_ITEM_#47',34,963.83),
        (1948,39,'CATID1948_MANID39_ITEM_#48',5,871.19),
        (1949,39,'CATID1949_MANID39_ITEM_#49',1,882.57),
        (1950,39,'CATID1950_MANID39_ITEM_#50',17,586.3),
        (1951,40,'CATID1951_MANID40_ITEM_#1',37,850.41),
        (1952,40,'CATID1952_MANID40_ITEM_#2',17,48.44),
        (1953,40,'CATID1953_MANID40_ITEM_#3',11,149.65),
        (1954,40,'CATID1954_MANID40_ITEM_#4',29,575.11),
        (1955,40,'CATID1955_MANID40_ITEM_#5',9,365.98),
        (1956,40,'CATID1956_MANID40_ITEM_#6',30,728.24),
        (1957,40,'CATID1957_MANID40_ITEM_#7',22,938.44),
        (1958,40,'CATID1958_MANID40_ITEM_#8',8,10.71),
        (1959,40,'CATID1959_MANID40_ITEM_#9',7,315.25),
        (1960,40,'CATID1960_MANID40_ITEM_#10',10,703.84),
        (1961,40,'CATID1961_MANID40_ITEM_#11',20,233.37),
        (1962,40,'CATID1962_MANID40_ITEM_#12',31,691.49),
        (1963,40,'CATID1963_MANID40_ITEM_#13',14,390.71),
        (1964,40,'CATID1964_MANID40_ITEM_#14',29,510.99),
        (1965,40,'CATID1965_MANID40_ITEM_#15',38,745.43),
        (1966,40,'CATID1966_MANID40_ITEM_#16',40,787.92),
        (1967,40,'CATID1967_MANID40_ITEM_#17',15,618.75),
        (1968,40,'CATID1968_MANID40_ITEM_#18',12,899.25),
        (1969,40,'CATID1969_MANID40_ITEM_#19',39,214.64),
        (1970,40,'CATID1970_MANID40_ITEM_#20',24,731.54),
        (1971,40,'CATID1971_MANID40_ITEM_#21',7,806.69),
        (1972,40,'CATID1972_MANID40_ITEM_#22',34,556.75),
        (1973,40,'CATID1973_MANID40_ITEM_#23',24,210.55),
        (1974,40,'CATID1974_MANID40_ITEM_#24',4,593.91),
        (1975,40,'CATID1975_MANID40_ITEM_#25',11,77.13),
        (1976,40,'CATID1976_MANID40_ITEM_#26',29,761.07),
        (1977,40,'CATID1977_MANID40_ITEM_#27',23,9.62),
        (1978,40,'CATID1978_MANID40_ITEM_#28',4,970.92),
        (1979,40,'CATID1979_MANID40_ITEM_#29',40,594.77),
        (1980,40,'CATID1980_MANID40_ITEM_#30',32,710.7),
        (1981,40,'CATID1981_MANID40_ITEM_#31',8,712.99),
        (1982,40,'CATID1982_MANID40_ITEM_#32',27,202.48),
        (1983,40,'CATID1983_MANID40_ITEM_#33',35,283.11),
        (1984,40,'CATID1984_MANID40_ITEM_#34',18,628.85),
        (1985,40,'CATID1985_MANID40_ITEM_#35',35,922.13),
        (1986,40,'CATID1986_MANID40_ITEM_#36',9,870.16),
        (1987,40,'CATID1987_MANID40_ITEM_#37',30,477.29),
        (1988,40,'CATID1988_MANID40_ITEM_#38',31,702.11),
        (1989,40,'CATID1989_MANID40_ITEM_#39',36,713.49),
        (1990,40,'CATID1990_MANID40_ITEM_#40',22,956.71),
        (1991,40,'CATID1991_MANID40_ITEM_#41',36,341.98),
        (1992,40,'CATID1992_MANID40_ITEM_#42',33,647.29),
        (1993,40,'CATID1993_MANID40_ITEM_#43',38,222.64),
        (1994,40,'CATID1994_MANID40_ITEM_#44',39,332.91),
        (1995,40,'CATID1995_MANID40_ITEM_#45',15,615.91),
        (1996,40,'CATID1996_MANID40_ITEM_#46',15,314.15),
        (1997,40,'CATID1997_MANID40_ITEM_#47',25,679.94),
        (1998,40,'CATID1998_MANID40_ITEM_#48',6,875.28),
        (1999,40,'CATID1999_MANID40_ITEM_#49',28,221.7),
        (2000,40,'CATID2000_MANID40_ITEM_#50',29,435.08),
        (2001,41,'CATID2001_MANID41_ITEM_#1',4,629.51),
        (2002,41,'CATID2002_MANID41_ITEM_#2',27,792.41),
        (2003,41,'CATID2003_MANID41_ITEM_#3',17,447.61),
        (2004,41,'CATID2004_MANID41_ITEM_#4',35,226.27),
        (2005,41,'CATID2005_MANID41_ITEM_#5',22,863.41),
        (2006,41,'CATID2006_MANID41_ITEM_#6',23,351.92),
        (2007,41,'CATID2007_MANID41_ITEM_#7',18,256.33),
        (2008,41,'CATID2008_MANID41_ITEM_#8',8,78.31),
        (2009,41,'CATID2009_MANID41_ITEM_#9',23,948.18),
        (2010,41,'CATID2010_MANID41_ITEM_#10',28,856.42),
        (2011,41,'CATID2011_MANID41_ITEM_#11',29,918.03),
        (2012,41,'CATID2012_MANID41_ITEM_#12',37,369.88),
        (2013,41,'CATID2013_MANID41_ITEM_#13',37,989.9),
        (2014,41,'CATID2014_MANID41_ITEM_#14',28,146.66),
        (2015,41,'CATID2015_MANID41_ITEM_#15',24,145.0),
        (2016,41,'CATID2016_MANID41_ITEM_#16',1,526.63),
        (2017,41,'CATID2017_MANID41_ITEM_#17',4,970.51),
        (2018,41,'CATID2018_MANID41_ITEM_#18',9,439.02),
        (2019,41,'CATID2019_MANID41_ITEM_#19',32,245.93),
        (2020,41,'CATID2020_MANID41_ITEM_#20',10,101.61),
        (2021,41,'CATID2021_MANID41_ITEM_#21',25,631.95),
        (2022,41,'CATID2022_MANID41_ITEM_#22',2,674.09),
        (2023,41,'CATID2023_MANID41_ITEM_#23',20,527.01),
        (2024,41,'CATID2024_MANID41_ITEM_#24',6,172.43),
        (2025,41,'CATID2025_MANID41_ITEM_#25',16,350.74),
        (2026,41,'CATID2026_MANID41_ITEM_#26',20,369.11),
        (2027,41,'CATID2027_MANID41_ITEM_#27',31,258.57),
        (2028,41,'CATID2028_MANID41_ITEM_#28',4,317.26),
        (2029,41,'CATID2029_MANID41_ITEM_#29',15,251.74),
        (2030,41,'CATID2030_MANID41_ITEM_#30',38,232.47),
        (2031,41,'CATID2031_MANID41_ITEM_#31',37,152.94),
        (2032,41,'CATID2032_MANID41_ITEM_#32',4,7.53),
        (2033,41,'CATID2033_MANID41_ITEM_#33',8,473.06),
        (2034,41,'CATID2034_MANID41_ITEM_#34',38,265.9),
        (2035,41,'CATID2035_MANID41_ITEM_#35',35,760.86),
        (2036,41,'CATID2036_MANID41_ITEM_#36',28,307.13),
        (2037,41,'CATID2037_MANID41_ITEM_#37',27,140.44),
        (2038,41,'CATID2038_MANID41_ITEM_#38',22,935.19),
        (2039,41,'CATID2039_MANID41_ITEM_#39',28,665.15),
        (2040,41,'CATID2040_MANID41_ITEM_#40',24,244.04),
        (2041,41,'CATID2041_MANID41_ITEM_#41',3,246.81),
        (2042,41,'CATID2042_MANID41_ITEM_#42',15,582.21),
        (2043,41,'CATID2043_MANID41_ITEM_#43',31,932.62),
        (2044,41,'CATID2044_MANID41_ITEM_#44',21,28.51),
        (2045,41,'CATID2045_MANID41_ITEM_#45',33,464.03),
        (2046,41,'CATID2046_MANID41_ITEM_#46',22,249.62),
        (2047,41,'CATID2047_MANID41_ITEM_#47',35,610.63),
        (2048,41,'CATID2048_MANID41_ITEM_#48',26,689.58),
        (2049,41,'CATID2049_MANID41_ITEM_#49',8,697.75),
        (2050,41,'CATID2050_MANID41_ITEM_#50',5,633.21),
        (2051,42,'CATID2051_MANID42_ITEM_#1',1,186.14),
        (2052,42,'CATID2052_MANID42_ITEM_#2',16,509.51),
        (2053,42,'CATID2053_MANID42_ITEM_#3',3,360.37),
        (2054,42,'CATID2054_MANID42_ITEM_#4',12,929.04),
        (2055,42,'CATID2055_MANID42_ITEM_#5',13,788.38),
        (2056,42,'CATID2056_MANID42_ITEM_#6',26,241.62),
        (2057,42,'CATID2057_MANID42_ITEM_#7',3,882.66),
        (2058,42,'CATID2058_MANID42_ITEM_#8',5,622.97),
        (2059,42,'CATID2059_MANID42_ITEM_#9',24,76.05),
        (2060,42,'CATID2060_MANID42_ITEM_#10',17,912.44),
        (2061,42,'CATID2061_MANID42_ITEM_#11',35,30.17),
        (2062,42,'CATID2062_MANID42_ITEM_#12',39,965.88),
        (2063,42,'CATID2063_MANID42_ITEM_#13',16,605.29),
        (2064,42,'CATID2064_MANID42_ITEM_#14',29,778.15),
        (2065,42,'CATID2065_MANID42_ITEM_#15',13,495.46),
        (2066,42,'CATID2066_MANID42_ITEM_#16',10,641.73),
        (2067,42,'CATID2067_MANID42_ITEM_#17',5,901.07),
        (2068,42,'CATID2068_MANID42_ITEM_#18',13,45.87),
        (2069,42,'CATID2069_MANID42_ITEM_#19',6,812.76),
        (2070,42,'CATID2070_MANID42_ITEM_#20',17,328.62),
        (2071,42,'CATID2071_MANID42_ITEM_#21',26,867.99),
        (2072,42,'CATID2072_MANID42_ITEM_#22',3,733.44),
        (2073,42,'CATID2073_MANID42_ITEM_#23',13,184.4),
        (2074,42,'CATID2074_MANID42_ITEM_#24',18,857.86),
        (2075,42,'CATID2075_MANID42_ITEM_#25',18,891.23),
        (2076,42,'CATID2076_MANID42_ITEM_#26',18,547.26),
        (2077,42,'CATID2077_MANID42_ITEM_#27',27,934.28),
        (2078,42,'CATID2078_MANID42_ITEM_#28',11,417.62),
        (2079,42,'CATID2079_MANID42_ITEM_#29',40,484.84),
        (2080,42,'CATID2080_MANID42_ITEM_#30',8,604.39),
        (2081,42,'CATID2081_MANID42_ITEM_#31',19,400.08),
        (2082,42,'CATID2082_MANID42_ITEM_#32',22,716.32),
        (2083,42,'CATID2083_MANID42_ITEM_#33',21,42.38),
        (2084,42,'CATID2084_MANID42_ITEM_#34',34,208.06),
        (2085,42,'CATID2085_MANID42_ITEM_#35',40,852.3),
        (2086,42,'CATID2086_MANID42_ITEM_#36',10,393.57),
        (2087,42,'CATID2087_MANID42_ITEM_#37',19,241.17),
        (2088,42,'CATID2088_MANID42_ITEM_#38',10,255.85),
        (2089,42,'CATID2089_MANID42_ITEM_#39',39,596.92),
        (2090,42,'CATID2090_MANID42_ITEM_#40',10,126.47),
        (2091,42,'CATID2091_MANID42_ITEM_#41',29,241.66),
        (2092,42,'CATID2092_MANID42_ITEM_#42',22,74.61),
        (2093,42,'CATID2093_MANID42_ITEM_#43',29,106.44),
        (2094,42,'CATID2094_MANID42_ITEM_#44',2,896.37),
        (2095,42,'CATID2095_MANID42_ITEM_#45',34,631.67),
        (2096,42,'CATID2096_MANID42_ITEM_#46',28,893.96),
        (2097,42,'CATID2097_MANID42_ITEM_#47',32,786.4),
        (2098,42,'CATID2098_MANID42_ITEM_#48',2,492.69),
        (2099,42,'CATID2099_MANID42_ITEM_#49',36,378.36),
        (2100,42,'CATID2100_MANID42_ITEM_#50',22,40.0),
        (2101,43,'CATID2101_MANID43_ITEM_#1',38,791.09),
        (2102,43,'CATID2102_MANID43_ITEM_#2',19,303.18),
        (2103,43,'CATID2103_MANID43_ITEM_#3',35,729.65),
        (2104,43,'CATID2104_MANID43_ITEM_#4',34,388.38),
        (2105,43,'CATID2105_MANID43_ITEM_#5',8,514.65),
        (2106,43,'CATID2106_MANID43_ITEM_#6',40,104.49),
        (2107,43,'CATID2107_MANID43_ITEM_#7',11,199.22),
        (2108,43,'CATID2108_MANID43_ITEM_#8',15,803.9),
        (2109,43,'CATID2109_MANID43_ITEM_#9',21,822.35),
        (2110,43,'CATID2110_MANID43_ITEM_#10',31,849.02),
        (2111,43,'CATID2111_MANID43_ITEM_#11',39,175.78),
        (2112,43,'CATID2112_MANID43_ITEM_#12',6,873.39),
        (2113,43,'CATID2113_MANID43_ITEM_#13',25,402.93),
        (2114,43,'CATID2114_MANID43_ITEM_#14',38,760.32),
        (2115,43,'CATID2115_MANID43_ITEM_#15',30,715.56),
        (2116,43,'CATID2116_MANID43_ITEM_#16',36,847.83),
        (2117,43,'CATID2117_MANID43_ITEM_#17',38,121.34),
        (2118,43,'CATID2118_MANID43_ITEM_#18',24,182.33),
        (2119,43,'CATID2119_MANID43_ITEM_#19',38,744.5),
        (2120,43,'CATID2120_MANID43_ITEM_#20',3,162.55),
        (2121,43,'CATID2121_MANID43_ITEM_#21',1,710.58),
        (2122,43,'CATID2122_MANID43_ITEM_#22',8,957.75),
        (2123,43,'CATID2123_MANID43_ITEM_#23',28,390.6),
        (2124,43,'CATID2124_MANID43_ITEM_#24',17,774.03),
        (2125,43,'CATID2125_MANID43_ITEM_#25',32,731.93),
        (2126,43,'CATID2126_MANID43_ITEM_#26',39,95.15),
        (2127,43,'CATID2127_MANID43_ITEM_#27',9,398.44),
        (2128,43,'CATID2128_MANID43_ITEM_#28',26,694.96),
        (2129,43,'CATID2129_MANID43_ITEM_#29',10,992.86),
        (2130,43,'CATID2130_MANID43_ITEM_#30',33,576.37),
        (2131,43,'CATID2131_MANID43_ITEM_#31',14,634.97),
        (2132,43,'CATID2132_MANID43_ITEM_#32',7,589.06),
        (2133,43,'CATID2133_MANID43_ITEM_#33',14,662.81),
        (2134,43,'CATID2134_MANID43_ITEM_#34',9,286.61),
        (2135,43,'CATID2135_MANID43_ITEM_#35',37,69.75),
        (2136,43,'CATID2136_MANID43_ITEM_#36',3,262.47),
        (2137,43,'CATID2137_MANID43_ITEM_#37',20,254.36),
        (2138,43,'CATID2138_MANID43_ITEM_#38',5,1.27),
        (2139,43,'CATID2139_MANID43_ITEM_#39',25,681.61),
        (2140,43,'CATID2140_MANID43_ITEM_#40',26,406.59),
        (2141,43,'CATID2141_MANID43_ITEM_#41',1,404.62),
        (2142,43,'CATID2142_MANID43_ITEM_#42',35,454.74),
        (2143,43,'CATID2143_MANID43_ITEM_#43',15,912.03),
        (2144,43,'CATID2144_MANID43_ITEM_#44',24,912.48),
        (2145,43,'CATID2145_MANID43_ITEM_#45',28,312.7),
        (2146,43,'CATID2146_MANID43_ITEM_#46',29,173.53),
        (2147,43,'CATID2147_MANID43_ITEM_#47',25,610.77),
        (2148,43,'CATID2148_MANID43_ITEM_#48',5,814.08),
        (2149,43,'CATID2149_MANID43_ITEM_#49',23,959.74),
        (2150,43,'CATID2150_MANID43_ITEM_#50',33,999.58),
        (2151,44,'CATID2151_MANID44_ITEM_#1',12,265.04),
        (2152,44,'CATID2152_MANID44_ITEM_#2',10,288.89),
        (2153,44,'CATID2153_MANID44_ITEM_#3',21,571.23),
        (2154,44,'CATID2154_MANID44_ITEM_#4',19,194.15),
        (2155,44,'CATID2155_MANID44_ITEM_#5',26,757.67),
        (2156,44,'CATID2156_MANID44_ITEM_#6',27,551.51),
        (2157,44,'CATID2157_MANID44_ITEM_#7',30,428.16),
        (2158,44,'CATID2158_MANID44_ITEM_#8',30,663.86),
        (2159,44,'CATID2159_MANID44_ITEM_#9',21,950.62),
        (2160,44,'CATID2160_MANID44_ITEM_#10',9,598.04),
        (2161,44,'CATID2161_MANID44_ITEM_#11',17,815.44),
        (2162,44,'CATID2162_MANID44_ITEM_#12',19,128.59),
        (2163,44,'CATID2163_MANID44_ITEM_#13',24,656.14),
        (2164,44,'CATID2164_MANID44_ITEM_#14',40,183.18),
        (2165,44,'CATID2165_MANID44_ITEM_#15',4,320.75),
        (2166,44,'CATID2166_MANID44_ITEM_#16',7,44.36),
        (2167,44,'CATID2167_MANID44_ITEM_#17',10,77.96),
        (2168,44,'CATID2168_MANID44_ITEM_#18',10,932.79),
        (2169,44,'CATID2169_MANID44_ITEM_#19',18,799.0),
        (2170,44,'CATID2170_MANID44_ITEM_#20',27,878.19),
        (2171,44,'CATID2171_MANID44_ITEM_#21',9,695.73),
        (2172,44,'CATID2172_MANID44_ITEM_#22',37,61.13),
        (2173,44,'CATID2173_MANID44_ITEM_#23',15,404.9),
        (2174,44,'CATID2174_MANID44_ITEM_#24',27,448.19),
        (2175,44,'CATID2175_MANID44_ITEM_#25',16,971.81),
        (2176,44,'CATID2176_MANID44_ITEM_#26',7,227.66),
        (2177,44,'CATID2177_MANID44_ITEM_#27',12,778.65),
        (2178,44,'CATID2178_MANID44_ITEM_#28',39,461.86),
        (2179,44,'CATID2179_MANID44_ITEM_#29',12,807.12),
        (2180,44,'CATID2180_MANID44_ITEM_#30',32,816.6),
        (2181,44,'CATID2181_MANID44_ITEM_#31',26,239.99),
        (2182,44,'CATID2182_MANID44_ITEM_#32',20,991.49),
        (2183,44,'CATID2183_MANID44_ITEM_#33',17,886.0),
        (2184,44,'CATID2184_MANID44_ITEM_#34',40,603.62),
        (2185,44,'CATID2185_MANID44_ITEM_#35',20,911.15),
        (2186,44,'CATID2186_MANID44_ITEM_#36',2,340.9),
        (2187,44,'CATID2187_MANID44_ITEM_#37',29,534.84),
        (2188,44,'CATID2188_MANID44_ITEM_#38',39,470.92),
        (2189,44,'CATID2189_MANID44_ITEM_#39',22,766.55),
        (2190,44,'CATID2190_MANID44_ITEM_#40',40,922.71),
        (2191,44,'CATID2191_MANID44_ITEM_#41',33,369.22),
        (2192,44,'CATID2192_MANID44_ITEM_#42',24,279.47),
        (2193,44,'CATID2193_MANID44_ITEM_#43',25,635.21),
        (2194,44,'CATID2194_MANID44_ITEM_#44',29,938.11),
        (2195,44,'CATID2195_MANID44_ITEM_#45',32,294.56),
        (2196,44,'CATID2196_MANID44_ITEM_#46',18,281.42),
        (2197,44,'CATID2197_MANID44_ITEM_#47',36,33.15),
        (2198,44,'CATID2198_MANID44_ITEM_#48',22,132.58),
        (2199,44,'CATID2199_MANID44_ITEM_#49',16,507.46),
        (2200,44,'CATID2200_MANID44_ITEM_#50',22,110.52),
        (2201,45,'CATID2201_MANID45_ITEM_#1',18,758.01),
        (2202,45,'CATID2202_MANID45_ITEM_#2',7,408.34),
        (2203,45,'CATID2203_MANID45_ITEM_#3',34,45.2),
        (2204,45,'CATID2204_MANID45_ITEM_#4',23,479.41),
        (2205,45,'CATID2205_MANID45_ITEM_#5',21,803.28),
        (2206,45,'CATID2206_MANID45_ITEM_#6',5,302.56),
        (2207,45,'CATID2207_MANID45_ITEM_#7',22,803.46),
        (2208,45,'CATID2208_MANID45_ITEM_#8',19,196.25),
        (2209,45,'CATID2209_MANID45_ITEM_#9',4,696.13),
        (2210,45,'CATID2210_MANID45_ITEM_#10',15,205.08),
        (2211,45,'CATID2211_MANID45_ITEM_#11',13,924.28),
        (2212,45,'CATID2212_MANID45_ITEM_#12',34,744.75),
        (2213,45,'CATID2213_MANID45_ITEM_#13',24,811.61),
        (2214,45,'CATID2214_MANID45_ITEM_#14',5,618.3),
        (2215,45,'CATID2215_MANID45_ITEM_#15',21,46.02),
        (2216,45,'CATID2216_MANID45_ITEM_#16',30,811.11),
        (2217,45,'CATID2217_MANID45_ITEM_#17',5,620.34),
        (2218,45,'CATID2218_MANID45_ITEM_#18',28,299.83),
        (2219,45,'CATID2219_MANID45_ITEM_#19',15,958.13),
        (2220,45,'CATID2220_MANID45_ITEM_#20',2,122.15),
        (2221,45,'CATID2221_MANID45_ITEM_#21',31,651.65),
        (2222,45,'CATID2222_MANID45_ITEM_#22',34,351.65),
        (2223,45,'CATID2223_MANID45_ITEM_#23',12,329.87),
        (2224,45,'CATID2224_MANID45_ITEM_#24',13,539.78),
        (2225,45,'CATID2225_MANID45_ITEM_#25',38,259.61),
        (2226,45,'CATID2226_MANID45_ITEM_#26',22,628.08),
        (2227,45,'CATID2227_MANID45_ITEM_#27',22,381.05),
        (2228,45,'CATID2228_MANID45_ITEM_#28',25,355.6),
        (2229,45,'CATID2229_MANID45_ITEM_#29',31,262.79),
        (2230,45,'CATID2230_MANID45_ITEM_#30',40,411.57),
        (2231,45,'CATID2231_MANID45_ITEM_#31',22,505.27),
        (2232,45,'CATID2232_MANID45_ITEM_#32',11,490.74),
        (2233,45,'CATID2233_MANID45_ITEM_#33',14,427.83),
        (2234,45,'CATID2234_MANID45_ITEM_#34',37,640.5),
        (2235,45,'CATID2235_MANID45_ITEM_#35',17,242.16),
        (2236,45,'CATID2236_MANID45_ITEM_#36',38,605.45),
        (2237,45,'CATID2237_MANID45_ITEM_#37',28,112.89),
        (2238,45,'CATID2238_MANID45_ITEM_#38',5,703.3),
        (2239,45,'CATID2239_MANID45_ITEM_#39',12,388.41),
        (2240,45,'CATID2240_MANID45_ITEM_#40',26,800.31),
        (2241,45,'CATID2241_MANID45_ITEM_#41',39,426.75),
        (2242,45,'CATID2242_MANID45_ITEM_#42',9,468.77),
        (2243,45,'CATID2243_MANID45_ITEM_#43',24,442.2),
        (2244,45,'CATID2244_MANID45_ITEM_#44',26,755.04),
        (2245,45,'CATID2245_MANID45_ITEM_#45',12,439.15),
        (2246,45,'CATID2246_MANID45_ITEM_#46',37,250.35),
        (2247,45,'CATID2247_MANID45_ITEM_#47',36,875.94),
        (2248,45,'CATID2248_MANID45_ITEM_#48',8,428.16),
        (2249,45,'CATID2249_MANID45_ITEM_#49',26,121.86),
        (2250,45,'CATID2250_MANID45_ITEM_#50',27,770.11),
        (2251,46,'CATID2251_MANID46_ITEM_#1',32,460.1),
        (2252,46,'CATID2252_MANID46_ITEM_#2',15,447.49),
        (2253,46,'CATID2253_MANID46_ITEM_#3',40,406.18),
        (2254,46,'CATID2254_MANID46_ITEM_#4',13,222.3),
        (2255,46,'CATID2255_MANID46_ITEM_#5',10,142.69),
        (2256,46,'CATID2256_MANID46_ITEM_#6',22,410.17),
        (2257,46,'CATID2257_MANID46_ITEM_#7',40,213.72),
        (2258,46,'CATID2258_MANID46_ITEM_#8',5,570.65),
        (2259,46,'CATID2259_MANID46_ITEM_#9',37,905.36),
        (2260,46,'CATID2260_MANID46_ITEM_#10',23,67.75),
        (2261,46,'CATID2261_MANID46_ITEM_#11',33,918.81),
        (2262,46,'CATID2262_MANID46_ITEM_#12',15,102.05),
        (2263,46,'CATID2263_MANID46_ITEM_#13',2,220.06),
        (2264,46,'CATID2264_MANID46_ITEM_#14',12,803.4),
        (2265,46,'CATID2265_MANID46_ITEM_#15',12,575.21),
        (2266,46,'CATID2266_MANID46_ITEM_#16',16,371.09),
        (2267,46,'CATID2267_MANID46_ITEM_#17',38,463.83),
        (2268,46,'CATID2268_MANID46_ITEM_#18',27,268.94),
        (2269,46,'CATID2269_MANID46_ITEM_#19',16,109.52),
        (2270,46,'CATID2270_MANID46_ITEM_#20',24,280.81),
        (2271,46,'CATID2271_MANID46_ITEM_#21',37,932.46),
        (2272,46,'CATID2272_MANID46_ITEM_#22',4,237.49),
        (2273,46,'CATID2273_MANID46_ITEM_#23',17,448.42),
        (2274,46,'CATID2274_MANID46_ITEM_#24',12,74.75),
        (2275,46,'CATID2275_MANID46_ITEM_#25',14,142.67),
        (2276,46,'CATID2276_MANID46_ITEM_#26',13,717.99),
        (2277,46,'CATID2277_MANID46_ITEM_#27',37,26.83),
        (2278,46,'CATID2278_MANID46_ITEM_#28',33,757.56),
        (2279,46,'CATID2279_MANID46_ITEM_#29',38,978.49),
        (2280,46,'CATID2280_MANID46_ITEM_#30',38,378.74),
        (2281,46,'CATID2281_MANID46_ITEM_#31',2,571.35),
        (2282,46,'CATID2282_MANID46_ITEM_#32',24,454.81),
        (2283,46,'CATID2283_MANID46_ITEM_#33',12,194.67),
        (2284,46,'CATID2284_MANID46_ITEM_#34',19,829.12),
        (2285,46,'CATID2285_MANID46_ITEM_#35',21,549.45),
        (2286,46,'CATID2286_MANID46_ITEM_#36',39,382.19),
        (2287,46,'CATID2287_MANID46_ITEM_#37',13,607.46),
        (2288,46,'CATID2288_MANID46_ITEM_#38',27,273.42),
        (2289,46,'CATID2289_MANID46_ITEM_#39',32,548.19),
        (2290,46,'CATID2290_MANID46_ITEM_#40',7,441.8),
        (2291,46,'CATID2291_MANID46_ITEM_#41',17,69.03),
        (2292,46,'CATID2292_MANID46_ITEM_#42',7,425.13),
        (2293,46,'CATID2293_MANID46_ITEM_#43',24,64.1),
        (2294,46,'CATID2294_MANID46_ITEM_#44',3,2.09),
        (2295,46,'CATID2295_MANID46_ITEM_#45',5,698.22),
        (2296,46,'CATID2296_MANID46_ITEM_#46',16,712.07),
        (2297,46,'CATID2297_MANID46_ITEM_#47',16,884.6),
        (2298,46,'CATID2298_MANID46_ITEM_#48',25,39.65),
        (2299,46,'CATID2299_MANID46_ITEM_#49',38,620.61),
        (2300,46,'CATID2300_MANID46_ITEM_#50',37,880.54),
        (2301,47,'CATID2301_MANID47_ITEM_#1',10,447.45),
        (2302,47,'CATID2302_MANID47_ITEM_#2',32,800.21),
        (2303,47,'CATID2303_MANID47_ITEM_#3',6,325.44),
        (2304,47,'CATID2304_MANID47_ITEM_#4',26,87.33),
        (2305,47,'CATID2305_MANID47_ITEM_#5',37,318.91),
        (2306,47,'CATID2306_MANID47_ITEM_#6',10,80.85),
        (2307,47,'CATID2307_MANID47_ITEM_#7',15,447.1),
        (2308,47,'CATID2308_MANID47_ITEM_#8',10,644.31),
        (2309,47,'CATID2309_MANID47_ITEM_#9',11,931.53),
        (2310,47,'CATID2310_MANID47_ITEM_#10',31,986.14),
        (2311,47,'CATID2311_MANID47_ITEM_#11',40,147.15),
        (2312,47,'CATID2312_MANID47_ITEM_#12',9,542.03),
        (2313,47,'CATID2313_MANID47_ITEM_#13',25,759.56),
        (2314,47,'CATID2314_MANID47_ITEM_#14',22,494.75),
        (2315,47,'CATID2315_MANID47_ITEM_#15',35,152.7),
        (2316,47,'CATID2316_MANID47_ITEM_#16',14,979.78),
        (2317,47,'CATID2317_MANID47_ITEM_#17',40,453.45),
        (2318,47,'CATID2318_MANID47_ITEM_#18',20,880.49),
        (2319,47,'CATID2319_MANID47_ITEM_#19',39,543.39),
        (2320,47,'CATID2320_MANID47_ITEM_#20',20,302.89),
        (2321,47,'CATID2321_MANID47_ITEM_#21',34,526.62),
        (2322,47,'CATID2322_MANID47_ITEM_#22',15,957.05),
        (2323,47,'CATID2323_MANID47_ITEM_#23',2,56.34),
        (2324,47,'CATID2324_MANID47_ITEM_#24',34,402.27),
        (2325,47,'CATID2325_MANID47_ITEM_#25',4,425.03),
        (2326,47,'CATID2326_MANID47_ITEM_#26',7,393.93),
        (2327,47,'CATID2327_MANID47_ITEM_#27',27,672.15),
        (2328,47,'CATID2328_MANID47_ITEM_#28',39,181.31),
        (2329,47,'CATID2329_MANID47_ITEM_#29',40,389.12),
        (2330,47,'CATID2330_MANID47_ITEM_#30',18,728.82),
        (2331,47,'CATID2331_MANID47_ITEM_#31',36,221.97),
        (2332,47,'CATID2332_MANID47_ITEM_#32',8,785.24),
        (2333,47,'CATID2333_MANID47_ITEM_#33',3,968.77),
        (2334,47,'CATID2334_MANID47_ITEM_#34',22,477.91),
        (2335,47,'CATID2335_MANID47_ITEM_#35',5,98.43),
        (2336,47,'CATID2336_MANID47_ITEM_#36',2,712.23),
        (2337,47,'CATID2337_MANID47_ITEM_#37',7,662.4),
        (2338,47,'CATID2338_MANID47_ITEM_#38',16,481.9),
        (2339,47,'CATID2339_MANID47_ITEM_#39',7,403.0),
        (2340,47,'CATID2340_MANID47_ITEM_#40',37,901.74),
        (2341,47,'CATID2341_MANID47_ITEM_#41',35,886.78),
        (2342,47,'CATID2342_MANID47_ITEM_#42',38,780.68),
        (2343,47,'CATID2343_MANID47_ITEM_#43',23,20.52),
        (2344,47,'CATID2344_MANID47_ITEM_#44',34,854.43),
        (2345,47,'CATID2345_MANID47_ITEM_#45',2,97.49),
        (2346,47,'CATID2346_MANID47_ITEM_#46',6,251.11),
        (2347,47,'CATID2347_MANID47_ITEM_#47',34,734.74),
        (2348,47,'CATID2348_MANID47_ITEM_#48',30,734.37),
        (2349,47,'CATID2349_MANID47_ITEM_#49',15,240.69),
        (2350,47,'CATID2350_MANID47_ITEM_#50',38,78.33),
        (2351,48,'CATID2351_MANID48_ITEM_#1',39,996.56),
        (2352,48,'CATID2352_MANID48_ITEM_#2',24,974.88),
        (2353,48,'CATID2353_MANID48_ITEM_#3',5,896.62),
        (2354,48,'CATID2354_MANID48_ITEM_#4',19,484.3),
        (2355,48,'CATID2355_MANID48_ITEM_#5',11,968.36),
        (2356,48,'CATID2356_MANID48_ITEM_#6',8,100.33),
        (2357,48,'CATID2357_MANID48_ITEM_#7',17,143.82),
        (2358,48,'CATID2358_MANID48_ITEM_#8',31,423.97),
        (2359,48,'CATID2359_MANID48_ITEM_#9',3,606.51),
        (2360,48,'CATID2360_MANID48_ITEM_#10',25,112.38),
        (2361,48,'CATID2361_MANID48_ITEM_#11',18,979.09),
        (2362,48,'CATID2362_MANID48_ITEM_#12',2,532.49),
        (2363,48,'CATID2363_MANID48_ITEM_#13',16,283.09),
        (2364,48,'CATID2364_MANID48_ITEM_#14',31,704.04),
        (2365,48,'CATID2365_MANID48_ITEM_#15',18,405.95),
        (2366,48,'CATID2366_MANID48_ITEM_#16',1,479.13),
        (2367,48,'CATID2367_MANID48_ITEM_#17',39,9.56),
        (2368,48,'CATID2368_MANID48_ITEM_#18',1,625.36),
        (2369,48,'CATID2369_MANID48_ITEM_#19',24,19.09),
        (2370,48,'CATID2370_MANID48_ITEM_#20',13,2.6),
        (2371,48,'CATID2371_MANID48_ITEM_#21',25,115.75),
        (2372,48,'CATID2372_MANID48_ITEM_#22',39,211.87),
        (2373,48,'CATID2373_MANID48_ITEM_#23',19,317.47),
        (2374,48,'CATID2374_MANID48_ITEM_#24',10,214.7),
        (2375,48,'CATID2375_MANID48_ITEM_#25',13,78.22),
        (2376,48,'CATID2376_MANID48_ITEM_#26',6,955.84),
        (2377,48,'CATID2377_MANID48_ITEM_#27',16,13.21),
        (2378,48,'CATID2378_MANID48_ITEM_#28',25,836.61),
        (2379,48,'CATID2379_MANID48_ITEM_#29',11,2.53),
        (2380,48,'CATID2380_MANID48_ITEM_#30',32,275.93),
        (2381,48,'CATID2381_MANID48_ITEM_#31',6,706.99),
        (2382,48,'CATID2382_MANID48_ITEM_#32',38,720.96),
        (2383,48,'CATID2383_MANID48_ITEM_#33',30,91.31),
        (2384,48,'CATID2384_MANID48_ITEM_#34',2,563.23),
        (2385,48,'CATID2385_MANID48_ITEM_#35',30,455.0),
        (2386,48,'CATID2386_MANID48_ITEM_#36',32,473.47),
        (2387,48,'CATID2387_MANID48_ITEM_#37',24,719.06),
        (2388,48,'CATID2388_MANID48_ITEM_#38',22,656.36),
        (2389,48,'CATID2389_MANID48_ITEM_#39',14,579.35),
        (2390,48,'CATID2390_MANID48_ITEM_#40',8,98.36),
        (2391,48,'CATID2391_MANID48_ITEM_#41',11,399.56),
        (2392,48,'CATID2392_MANID48_ITEM_#42',22,823.81),
        (2393,48,'CATID2393_MANID48_ITEM_#43',17,44.78),
        (2394,48,'CATID2394_MANID48_ITEM_#44',21,304.88),
        (2395,48,'CATID2395_MANID48_ITEM_#45',27,504.7),
        (2396,48,'CATID2396_MANID48_ITEM_#46',30,80.23),
        (2397,48,'CATID2397_MANID48_ITEM_#47',16,219.07),
        (2398,48,'CATID2398_MANID48_ITEM_#48',33,953.94),
        (2399,48,'CATID2399_MANID48_ITEM_#49',16,973.62),
        (2400,48,'CATID2400_MANID48_ITEM_#50',2,579.07),
        (2401,49,'CATID2401_MANID49_ITEM_#1',17,719.69),
        (2402,49,'CATID2402_MANID49_ITEM_#2',34,364.18),
        (2403,49,'CATID2403_MANID49_ITEM_#3',14,220.4),
        (2404,49,'CATID2404_MANID49_ITEM_#4',2,107.17),
        (2405,49,'CATID2405_MANID49_ITEM_#5',8,355.73),
        (2406,49,'CATID2406_MANID49_ITEM_#6',10,838.04),
        (2407,49,'CATID2407_MANID49_ITEM_#7',9,423.27),
        (2408,49,'CATID2408_MANID49_ITEM_#8',19,781.63),
        (2409,49,'CATID2409_MANID49_ITEM_#9',8,620.47),
        (2410,49,'CATID2410_MANID49_ITEM_#10',2,561.3),
        (2411,49,'CATID2411_MANID49_ITEM_#11',1,509.82),
        (2412,49,'CATID2412_MANID49_ITEM_#12',39,244.2),
        (2413,49,'CATID2413_MANID49_ITEM_#13',9,29.36),
        (2414,49,'CATID2414_MANID49_ITEM_#14',22,71.29),
        (2415,49,'CATID2415_MANID49_ITEM_#15',13,103.42),
        (2416,49,'CATID2416_MANID49_ITEM_#16',40,816.43),
        (2417,49,'CATID2417_MANID49_ITEM_#17',27,213.89),
        (2418,49,'CATID2418_MANID49_ITEM_#18',29,267.35),
        (2419,49,'CATID2419_MANID49_ITEM_#19',1,380.23),
        (2420,49,'CATID2420_MANID49_ITEM_#20',31,347.23),
        (2421,49,'CATID2421_MANID49_ITEM_#21',33,447.36),
        (2422,49,'CATID2422_MANID49_ITEM_#22',9,639.93),
        (2423,49,'CATID2423_MANID49_ITEM_#23',22,321.85),
        (2424,49,'CATID2424_MANID49_ITEM_#24',34,88.23),
        (2425,49,'CATID2425_MANID49_ITEM_#25',10,182.74),
        (2426,49,'CATID2426_MANID49_ITEM_#26',12,50.73),
        (2427,49,'CATID2427_MANID49_ITEM_#27',13,19.39),
        (2428,49,'CATID2428_MANID49_ITEM_#28',21,111.09),
        (2429,49,'CATID2429_MANID49_ITEM_#29',10,569.78),
        (2430,49,'CATID2430_MANID49_ITEM_#30',16,27.75),
        (2431,49,'CATID2431_MANID49_ITEM_#31',14,824.99),
        (2432,49,'CATID2432_MANID49_ITEM_#32',7,506.97),
        (2433,49,'CATID2433_MANID49_ITEM_#33',16,706.76),
        (2434,49,'CATID2434_MANID49_ITEM_#34',29,381.02),
        (2435,49,'CATID2435_MANID49_ITEM_#35',19,670.92),
        (2436,49,'CATID2436_MANID49_ITEM_#36',22,766.32),
        (2437,49,'CATID2437_MANID49_ITEM_#37',37,373.64),
        (2438,49,'CATID2438_MANID49_ITEM_#38',1,676.03),
        (2439,49,'CATID2439_MANID49_ITEM_#39',8,634.05),
        (2440,49,'CATID2440_MANID49_ITEM_#40',30,422.28),
        (2441,49,'CATID2441_MANID49_ITEM_#41',24,968.84),
        (2442,49,'CATID2442_MANID49_ITEM_#42',26,341.19),
        (2443,49,'CATID2443_MANID49_ITEM_#43',34,986.16),
        (2444,49,'CATID2444_MANID49_ITEM_#44',24,673.37),
        (2445,49,'CATID2445_MANID49_ITEM_#45',16,476.8),
        (2446,49,'CATID2446_MANID49_ITEM_#46',7,360.46),
        (2447,49,'CATID2447_MANID49_ITEM_#47',5,27.33),
        (2448,49,'CATID2448_MANID49_ITEM_#48',32,220.59),
        (2449,49,'CATID2449_MANID49_ITEM_#49',40,759.58),
        (2450,49,'CATID2450_MANID49_ITEM_#50',27,18.2),
        (2451,50,'CATID2451_MANID50_ITEM_#1',17,923.17),
        (2452,50,'CATID2452_MANID50_ITEM_#2',40,527.99),
        (2453,50,'CATID2453_MANID50_ITEM_#3',23,533.65),
        (2454,50,'CATID2454_MANID50_ITEM_#4',25,208.24),
        (2455,50,'CATID2455_MANID50_ITEM_#5',22,641.87),
        (2456,50,'CATID2456_MANID50_ITEM_#6',40,941.32),
        (2457,50,'CATID2457_MANID50_ITEM_#7',36,586.29),
        (2458,50,'CATID2458_MANID50_ITEM_#8',22,168.45),
        (2459,50,'CATID2459_MANID50_ITEM_#9',38,410.42),
        (2460,50,'CATID2460_MANID50_ITEM_#10',24,34.32),
        (2461,50,'CATID2461_MANID50_ITEM_#11',19,245.7),
        (2462,50,'CATID2462_MANID50_ITEM_#12',8,331.6),
        (2463,50,'CATID2463_MANID50_ITEM_#13',5,85.16),
        (2464,50,'CATID2464_MANID50_ITEM_#14',12,38.55),
        (2465,50,'CATID2465_MANID50_ITEM_#15',12,976.77),
        (2466,50,'CATID2466_MANID50_ITEM_#16',5,584.92),
        (2467,50,'CATID2467_MANID50_ITEM_#17',27,691.34),
        (2468,50,'CATID2468_MANID50_ITEM_#18',19,7.2),
        (2469,50,'CATID2469_MANID50_ITEM_#19',17,28.91),
        (2470,50,'CATID2470_MANID50_ITEM_#20',28,467.1),
        (2471,50,'CATID2471_MANID50_ITEM_#21',39,72.07),
        (2472,50,'CATID2472_MANID50_ITEM_#22',31,489.4),
        (2473,50,'CATID2473_MANID50_ITEM_#23',34,979.77),
        (2474,50,'CATID2474_MANID50_ITEM_#24',16,277.48),
        (2475,50,'CATID2475_MANID50_ITEM_#25',28,224.19),
        (2476,50,'CATID2476_MANID50_ITEM_#26',37,21.53),
        (2477,50,'CATID2477_MANID50_ITEM_#27',31,668.3),
        (2478,50,'CATID2478_MANID50_ITEM_#28',27,837.66),
        (2479,50,'CATID2479_MANID50_ITEM_#29',24,509.89),
        (2480,50,'CATID2480_MANID50_ITEM_#30',31,478.71),
        (2481,50,'CATID2481_MANID50_ITEM_#31',31,312.4),
        (2482,50,'CATID2482_MANID50_ITEM_#32',28,271.02),
        (2483,50,'CATID2483_MANID50_ITEM_#33',22,88.38),
        (2484,50,'CATID2484_MANID50_ITEM_#34',14,148.6),
        (2485,50,'CATID2485_MANID50_ITEM_#35',40,77.58),
        (2486,50,'CATID2486_MANID50_ITEM_#36',27,561.1),
        (2487,50,'CATID2487_MANID50_ITEM_#37',23,208.97),
        (2488,50,'CATID2488_MANID50_ITEM_#38',34,278.76),
        (2489,50,'CATID2489_MANID50_ITEM_#39',35,896.04),
        (2490,50,'CATID2490_MANID50_ITEM_#40',21,103.69),
        (2491,50,'CATID2491_MANID50_ITEM_#41',37,712.68),
        (2492,50,'CATID2492_MANID50_ITEM_#42',13,946.3),
        (2493,50,'CATID2493_MANID50_ITEM_#43',16,321.81),
        (2494,50,'CATID2494_MANID50_ITEM_#44',33,712.65),
        (2495,50,'CATID2495_MANID50_ITEM_#45',26,961.42),
        (2496,50,'CATID2496_MANID50_ITEM_#46',16,800.94),
        (2497,50,'CATID2497_MANID50_ITEM_#47',29,164.42),
        (2498,50,'CATID2498_MANID50_ITEM_#48',3,91.66),
        (2499,50,'CATID2499_MANID50_ITEM_#49',27,349.93),
        (2500,50,'CATID2500_MANID50_ITEM_#50',20,820.26);


--*******************************************************************
COMMIT;

